iteration,game_id,move_number,player,move_uci,move_confidence,board_fen
0,0,1,white,c2c3,0.0400,rnbqkbnr/pppppppp/8/8/8/8/PPPPPPPP/RNBQKBNR w KQkq - 0 1
0,0,2,black,a7a5,0.0500,rnbqkbnr/pppppppp/8/8/8/2P5/PP1PPPPP/RNBQKBNR b KQkq - 0 1
0,0,3,white,b2b4,0.0500,rnbqkbnr/1ppppppp/8/p7/8/2P5/PP1PPPPP/RNBQKBNR w KQkq - 0 2
0,0,4,black,d7d6,0.0300,rnbqkbnr/1ppppppp/8/p7/1P6/2P5/P2PPPPP/RNBQKBNR b KQkq - 0 2
0,0,5,white,d2d4,0.0200,rnbqkbnr/1pp1pppp/3p4/p7/1P6/2P5/P2PPPPP/RNBQKBNR w KQkq - 0 3
0,0,6,black,f7f6,0.0400,rnbqkbnr/1pp1pppp/3p4/p7/1P1P4/2P5/P3PPPP/RNBQKBNR b KQkq - 0 3
0,0,7,white,a2a4,0.0400,rnbqkbnr/1pp1p1pp/3p1p2/p7/1P1P4/2P5/P3PPPP/RNBQKBNR w KQkq - 0 4
0,0,8,black,c8e6,0.0300,rnbqkbnr/1pp1p1pp/3p1p2/p7/PP1P4/2P5/4PPPP/RNBQKBNR b KQkq - 0 4
0,0,9,white,g1h3,0.5300,rn1qkbnr/1pp1p1pp/3pbp2/p7/PP1P4/2P5/4PPPP/RNBQKBNR w KQkq - 1 5
0,0,10,black,b8a6,0.1100,rn1qkbnr/1pp1p1pp/3pbp2/p7/PP1P4/2P4N/4PPPP/RNBQKB1R b KQkq - 2 5
0,0,11,white,h3g5,0.5300,r2qkbnr/1pp1p1pp/n2pbp2/p7/PP1P4/2P4N/4PPPP/RNBQKB1R w KQkq - 3 6
0,0,12,black,a6b4,0.1000,r2qkbnr/1pp1p1pp/n2pbp2/p5N1/PP1P4/2P5/4PPPP/RNBQKB1R b KQkq - 4 6
0,0,13,white,e1d2,0.1100,r2qkbnr/1pp1p1pp/3pbp2/p5N1/Pn1P4/2P5/4PPPP/RNBQKB1R w KQkq - 0 7
0,0,14,black,g8h6,0.6800,r2qkbnr/1pp1p1pp/3pbp2/p5N1/Pn1P4/2P5/3KPPPP/RNBQ1B1R b kq - 1 7
0,0,15,white,g2g4,0.0100,r2qkb1r/1pp1p1pp/3pbp1n/p5N1/Pn1P4/2P5/3KPPPP/RNBQ1B1R w kq - 2 8
0,0,16,black,h8g8,0.7700,r2qkb1r/1pp1p1pp/3pbp1n/p5N1/Pn1P2P1/2P5/3KPP1P/RNBQ1B1R b kq - 0 8
0,0,17,white,b1a3,0.0300,r2qkbr1/1pp1p1pp/3pbp1n/p5N1/Pn1P2P1/2P5/3KPP1P/RNBQ1B1R w q - 1 9
0,0,18,black,d6d5,0.1400,r2qkbr1/1pp1p1pp/3pbp1n/p5N1/Pn1P2P1/N1P5/3KPP1P/R1BQ1B1R b q - 2 9
0,0,19,white,g5h7,0.5000,r2qkbr1/1pp1p1pp/4bp1n/p2p2N1/Pn1P2P1/N1P5/3KPP1P/R1BQ1B1R w q - 0 10
0,0,20,black,g8h8,0.5600,r2qkbr1/1pp1p1pN/4bp1n/p2p4/Pn1P2P1/N1P5/3KPP1P/R1BQ1B1R b q - 0 10
0,0,21,white,h7f8,0.4300,r2qkb1r/1pp1p1pN/4bp1n/p2p4/Pn1P2P1/N1P5/3KPP1P/R1BQ1B1R w q - 1 11
0,0,22,black,h8g8,0.6800,r2qkN1r/1pp1p1p1/4bp1n/p2p4/Pn1P2P1/N1P5/3KPP1P/R1BQ1B1R b q - 0 11
0,0,23,white,d2e3,0.0400,r2qkNr1/1pp1p1p1/4bp1n/p2p4/Pn1P2P1/N1P5/3KPP1P/R1BQ1B1R w q - 1 12
0,0,24,black,e6d7,0.1100,r2qkNr1/1pp1p1p1/4bp1n/p2p4/Pn1P2P1/N1P1K3/4PP1P/R1BQ1B1R b q - 2 12
0,0,25,white,f8h7,0.5300,r2qkNr1/1ppbp1p1/5p1n/p2p4/Pn1P2P1/N1P1K3/4PP1P/R1BQ1B1R w q - 3 13
0,0,26,black,g8h8,0.6200,r2qk1r1/1ppbp1pN/5p1n/p2p4/Pn1P2P1/N1P1K3/4PP1P/R1BQ1B1R b q - 4 13
0,0,27,white,a3c2,0.0400,r2qk2r/1ppbp1pN/5p1n/p2p4/Pn1P2P1/N1P1K3/4PP1P/R1BQ1B1R w q - 5 14
0,0,28,black,h8g8,0.6900,r2qk2r/1ppbp1pN/5p1n/p2p4/Pn1P2P1/2P1K3/2N1PP1P/R1BQ1B1R b q - 6 14
0,0,29,white,c2e1,0.0400,r2qk1r1/1ppbp1pN/5p1n/p2p4/Pn1P2P1/2P1K3/2N1PP1P/R1BQ1B1R w q - 7 15
0,0,30,black,g8h8,0.6200,r2qk1r1/1ppbp1pN/5p1n/p2p4/Pn1P2P1/2P1K3/4PP1P/R1BQNB1R b q - 8 15
0,0,31,white,h7f8,0.5300,r2qk2r/1ppbp1pN/5p1n/p2p4/Pn1P2P1/2P1K3/4PP1P/R1BQNB1R w q - 9 16
0,0,32,black,h8g8,0.7300,r2qkN1r/1ppbp1p1/5p1n/p2p4/Pn1P2P1/2P1K3/4PP1P/R1BQNB1R b q - 10 16
0,0,33,white,h1g1,0.1000,r2qkNr1/1ppbp1p1/5p1n/p2p4/Pn1P2P1/2P1K3/4PP1P/R1BQNB1R w q - 11 17
0,0,34,black,g8h8,0.6600,r2qkNr1/1ppbp1p1/5p1n/p2p4/Pn1P2P1/2P1K3/4PP1P/R1BQNBR1 b q - 12 17
0,0,35,white,f2f4,0.1200,r2qkN1r/1ppbp1p1/5p1n/p2p4/Pn1P2P1/2P1K3/4PP1P/R1BQNBR1 w q - 13 18
0,0,36,black,h8g8,0.7400,r2qkN1r/1ppbp1p1/5p1n/p2p4/Pn1P1PP1/2P1K3/4P2P/R1BQNBR1 b q - 0 18
0,0,37,white,f8h7,0.6000,r2qkNr1/1ppbp1p1/5p1n/p2p4/Pn1P1PP1/2P1K3/4P2P/R1BQNBR1 w q - 1 19
0,0,38,black,g8h8,0.6300,r2qk1r1/1ppbp1pN/5p1n/p2p4/Pn1P1PP1/2P1K3/4P2P/R1BQNBR1 b q - 2 19
0,0,39,white,c1d2,0.0600,r2qk2r/1ppbp1pN/5p1n/p2p4/Pn1P1PP1/2P1K3/4P2P/R1BQNBR1 w q - 3 20
0,0,40,black,h8g8,0.6900,r2qk2r/1ppbp1pN/5p1n/p2p4/Pn1P1PP1/2P1K3/3BP2P/R2QNBR1 b q - 4 20
0,0,41,white,f1g2,0.0400,r2qk1r1/1ppbp1pN/5p1n/p2p4/Pn1P1PP1/2P1K3/3BP2P/R2QNBR1 w q - 5 21
0,0,42,black,a8a7,0.0600,r2qk1r1/1ppbp1pN/5p1n/p2p4/Pn1P1PP1/2P1K3/3BP1BP/R2QN1R1 b q - 6 21
0,0,43,white,h7f8,0.5500,3qk1r1/rppbp1pN/5p1n/p2p4/Pn1P1PP1/2P1K3/3BP1BP/R2QN1R1 w - - 7 22
0,0,44,black,g8h8,0.6200,3qkNr1/rppbp1p1/5p1n/p2p4/Pn1P1PP1/2P1K3/3BP1BP/R2QN1R1 b - - 8 22
0,0,45,white,f8h7,0.5900,3qkN1r/rppbp1p1/5p1n/p2p4/Pn1P1PP1/2P1K3/3BP1BP/R2QN1R1 w - - 9 23
0,0,46,black,b4c6,0.0600,3qk2r/rppbp1pN/5p1n/p2p4/Pn1P1PP1/2P1K3/3BP1BP/R2QN1R1 b - - 10 23
0,0,47,white,h7f8,0.5500,3qk2r/rppbp1pN/2n2p1n/p2p4/P2P1PP1/2P1K3/3BP1BP/R2QN1R1 w - - 11 24
0,0,48,black,h8g8,0.4900,3qkN1r/rppbp1p1/2n2p1n/p2p4/P2P1PP1/2P1K3/3BP1BP/R2QN1R1 b - - 12 24
0,0,49,white,e1d3,0.1100,3qkNr1/rppbp1p1/2n2p1n/p2p4/P2P1PP1/2P1K3/3BP1BP/R2QN1R1 w - - 13 25
0,0,50,black,g7g6,0.0500,3qkNr1/rppbp1p1/2n2p1n/p2p4/P2P1PP1/2PNK3/3BP1BP/R2Q2R1 b - - 14 25
0,0,51,white,f8h7,0.8500,3qkNr1/rppbp3/2n2ppn/p2p4/P2P1PP1/2PNK3/3BP1BP/R2Q2R1 w - - 0 26
0,0,52,black,e7e5,0.0400,3qk1r1/rppbp2N/2n2ppn/p2p4/P2P1PP1/2PNK3/3BP1BP/R2Q2R1 b - - 1 26
0,0,53,white,h7f8,0.8900,3qk1r1/rppb3N/2n2ppn/p2pp3/P2P1PP1/2PNK3/3BP1BP/R2Q2R1 w - - 0 27
0,0,54,black,f6f5,0.0400,3qkNr1/rppb4/2n2ppn/p2pp3/P2P1PP1/2PNK3/3BP1BP/R2Q2R1 b - - 1 27
0,0,55,white,f8h7,0.9400,3qkNr1/rppb4/2n3pn/p2ppp2/P2P1PP1/2PNK3/3BP1BP/R2Q2R1 w - - 0 28
0,0,56,black,h6g4,0.1100,3qk1r1/rppb3N/2n3pn/p2ppp2/P2P1PP1/2PNK3/3BP1BP/R2Q2R1 b - - 1 28
0,0,57,white,e3f3,1.0000,3qk1r1/rppb3N/2n3p1/p2ppp2/P2P1Pn1/2PNK3/3BP1BP/R2Q2R1 w - - 0 29
0,0,58,black,c6e7,0.1200,3qk1r1/rppb3N/2n3p1/p2ppp2/P2P1Pn1/2PN1K2/3BP1BP/R2Q2R1 b - - 1 29
0,0,59,white,c3c4,0.1300,3qk1r1/rppbn2N/6p1/p2ppp2/P2P1Pn1/2PN1K2/3BP1BP/R2Q2R1 w - - 2 30
0,0,60,black,g8h8,0.5100,3qk1r1/rppbn2N/6p1/p2ppp2/P1PP1Pn1/3N1K2/3BP1BP/R2Q2R1 b - - 0 30
0,0,61,white,h7f8,0.9200,3qk2r/rppbn2N/6p1/p2ppp2/P1PP1Pn1/3N1K2/3BP1BP/R2Q2R1 w - - 1 31
0,0,62,black,h8g8,0.7600,3qkN1r/rppbn3/6p1/p2ppp2/P1PP1Pn1/3N1K2/3BP1BP/R2Q2R1 b - - 2 31
0,0,63,white,f8h7,0.9700,3qkNr1/rppbn3/6p1/p2ppp2/P1PP1Pn1/3N1K2/3BP1BP/R2Q2R1 w - - 3 32
0,0,64,black,e7c8,0.0700,3qk1r1/rppbn2N/6p1/p2ppp2/P1PP1Pn1/3N1K2/3BP1BP/R2Q2R1 b - - 4 32
0,0,65,white,h7f8,0.9200,2nqk1r1/rppb3N/6p1/p2ppp2/P1PP1Pn1/3N1K2/3BP1BP/R2Q2R1 w - - 5 33
0,0,66,black,d8f6,0.0600,2nqkNr1/rppb4/6p1/p2ppp2/P1PP1Pn1/3N1K2/3BP1BP/R2Q2R1 b - - 6 33
0,0,67,white,f8h7,0.9700,2n1kNr1/rppb4/5qp1/p2ppp2/P1PP1Pn1/3N1K2/3BP1BP/R2Q2R1 w - - 7 34
0,0,68,black,g8h8,0.9300,2n1k1r1/rppb3N/5qp1/p2ppp2/P1PP1Pn1/3N1K2/3BP1BP/R2Q2R1 b - - 8 34
0,0,69,white,h7f8,0.9200,2n1k2r/rppb3N/5qp1/p2ppp2/P1PP1Pn1/3N1K2/3BP1BP/R2Q2R1 w - - 9 35
0,0,70,black,h8g8,1.0000,2n1kN1r/rppb4/5qp1/p2ppp2/P1PP1Pn1/3N1K2/3BP1BP/R2Q2R1 b - - 10 35
0,0,71,white,f8h7,0.9700,2n1kNr1/rppb4/5qp1/p2ppp2/P1PP1Pn1/3N1K2/3BP1BP/R2Q2R1 w - - 11 36
0,0,72,black,g8h8,0.9300,2n1k1r1/rppb3N/5qp1/p2ppp2/P1PP1Pn1/3N1K2/3BP1BP/R2Q2R1 b - - 12 36
0,0,73,white,a1b1,0.0800,2n1k2r/rppb3N/5qp1/p2ppp2/P1PP1Pn1/3N1K2/3BP1BP/R2Q2R1 w - - 13 37
0,0,74,black,e5d4,0.1200,2n1k2r/rppb3N/5qp1/p2ppp2/P1PP1Pn1/3N1K2/3BP1BP/1R1Q2R1 b - - 14 37
0,0,75,white,h7f8,0.9800,2n1k2r/rppb3N/5qp1/p2p1p2/P1Pp1Pn1/3N1K2/3BP1BP/1R1Q2R1 w - - 0 38
0,0,76,black,h8g8,1.0000,2n1kN1r/rppb4/5qp1/p2p1p2/P1Pp1Pn1/3N1K2/3BP1BP/1R1Q2R1 b - - 1 38
0,0,77,white,f8h7,1.0000,2n1kNr1/rppb4/5qp1/p2p1p2/P1Pp1Pn1/3N1K2/3BP1BP/1R1Q2R1 w - - 2 39
0,0,78,black,g8h8,0.9000,2n1k1r1/rppb3N/5qp1/p2p1p2/P1Pp1Pn1/3N1K2/3BP1BP/1R1Q2R1 b - - 3 39
0,0,79,white,h7f8,0.9800,2n1k2r/rppb3N/5qp1/p2p1p2/P1Pp1Pn1/3N1K2/3BP1BP/1R1Q2R1 w - - 4 40
0,0,80,black,h8g8,1.0000,2n1kN1r/rppb4/5qp1/p2p1p2/P1Pp1Pn1/3N1K2/3BP1BP/1R1Q2R1 b - - 5 40
0,0,81,white,f8h7,1.0000,2n1kNr1/rppb4/5qp1/p2p1p2/P1Pp1Pn1/3N1K2/3BP1BP/1R1Q2R1 w - - 6 41
0,0,82,black,g8h8,0.9000,2n1k1r1/rppb3N/5qp1/p2p1p2/P1Pp1Pn1/3N1K2/3BP1BP/1R1Q2R1 b - - 7 41
0,1,1,white,g1f3,0.0400,rnbqkbnr/pppppppp/8/8/8/8/PPPPPPPP/RNBQKBNR w KQkq - 0 1
0,1,2,black,e7e6,0.0700,rnbqkbnr/pppppppp/8/8/8/5N2/PPPPPPPP/RNBQKB1R b KQkq - 1 1
0,1,3,white,f3e5,0.0300,rnbqkbnr/pppp1ppp/4p3/8/8/5N2/PPPPPPPP/RNBQKB1R w KQkq - 0 2
0,1,4,black,c7c6,0.0600,rnbqkbnr/pppp1ppp/4p3/4N3/8/8/PPPPPPPP/RNBQKB1R b KQkq - 1 2
0,1,5,white,e2e4,0.0400,rnbqkbnr/pp1p1ppp/2p1p3/4N3/8/8/PPPPPPPP/RNBQKB1R w KQkq - 0 3
0,1,6,black,f8a3,0.0700,rnbqkbnr/pp1p1ppp/2p1p3/4N3/4P3/8/PPPP1PPP/RNBQKB1R b KQkq - 0 3
0,1,7,white,e5f7,0.6500,rnbqk1nr/pp1p1ppp/2p1p3/4N3/4P3/b7/PPPP1PPP/RNBQKB1R w KQkq - 1 4
0,1,8,black,d8c7,0.0700,rnbqk1nr/pp1p1Npp/2p1p3/8/4P3/b7/PPPP1PPP/RNBQKB1R b KQkq - 0 4
0,1,9,white,f7h8,0.6300,rnb1k1nr/ppqp1Npp/2p1p3/8/4P3/b7/PPPP1PPP/RNBQKB1R w KQkq - 1 5
0,1,10,black,a3d6,0.0600,rnb1k1nN/ppqp2pp/2p1p3/8/4P3/b7/PPPP1PPP/RNBQKB1R b KQq - 0 5
0,1,11,white,h8f7,0.5200,rnb1k1nN/ppqp2pp/2pbp3/8/4P3/8/PPPP1PPP/RNBQKB1R w KQq - 1 6
0,1,12,black,g8e7,0.4900,rnb1k1n1/ppqp1Npp/2pbp3/8/4P3/8/PPPP1PPP/RNBQKB1R b KQq - 2 6
0,1,13,white,f7h8,0.6700,rnb1k3/ppqpnNpp/2pbp3/8/4P3/8/PPPP1PPP/RNBQKB1R w KQq - 3 7
0,1,14,black,e8f8,0.4300,rnb1k2N/ppqpn1pp/2pbp3/8/4P3/8/PPPP1PPP/RNBQKB1R b KQq - 4 7
0,1,15,white,h8f7,0.5300,rnb2k1N/ppqpn1pp/2pbp3/8/4P3/8/PPPP1PPP/RNBQKB1R w KQ - 5 8
0,1,16,black,f8g8,0.4600,rnb2k2/ppqpnNpp/2pbp3/8/4P3/8/PPPP1PPP/RNBQKB1R b KQ - 6 8
0,1,17,white,b1c3,0.0600,rnb3k1/ppqpnNpp/2pbp3/8/4P3/8/PPPP1PPP/RNBQKB1R w KQ - 7 9
0,1,18,black,h7h5,0.0300,rnb3k1/ppqpnNpp/2pbp3/8/4P3/2N5/PPPP1PPP/R1BQKB1R b KQ - 8 9
0,1,19,white,f7h8,0.7300,rnb3k1/ppqpnNp1/2pbp3/7p/4P3/2N5/PPPP1PPP/R1BQKB1R w KQ - 0 10
0,1,20,black,b7b5,0.0300,rnb3kN/ppqpn1p1/2pbp3/7p/4P3/2N5/PPPP1PPP/R1BQKB1R b KQ - 1 10
0,1,21,white,h1g1,0.1100,rnb3kN/p1qpn1p1/2pbp3/1p5p/4P3/2N5/PPPP1PPP/R1BQKB1R w KQ - 0 11
0,1,22,black,g8h8,0.4600,rnb3kN/p1qpn1p1/2pbp3/1p5p/4P3/2N5/PPPP1PPP/R1BQKBR1 b Q - 1 11
0,1,23,white,f2f3,0.0500,rnb4k/p1qpn1p1/2pbp3/1p5p/4P3/2N5/PPPP1PPP/R1BQKBR1 w Q - 0 12
0,1,24,black,h8g8,0.4600,rnb4k/p1qpn1p1/2pbp3/1p5p/4P3/2N2P2/PPPP2PP/R1BQKBR1 b Q - 0 12
0,1,25,white,c3d5,0.4000,rnb3k1/p1qpn1p1/2pbp3/1p5p/4P3/2N2P2/PPPP2PP/R1BQKBR1 w Q - 1 13
0,1,26,black,g8h8,0.5600,rnb3k1/p1qpn1p1/2pbp3/1p1N3p/4P3/5P2/PPPP2PP/R1BQKBR1 b Q - 2 13
0,1,27,white,e4e5,0.0600,rnb4k/p1qpn1p1/2pbp3/1p1N3p/4P3/5P2/PPPP2PP/R1BQKBR1 w Q - 3 14
0,1,28,black,h8g8,0.4000,rnb4k/p1qpn1p1/2pbp3/1p1NP2p/8/5P2/PPPP2PP/R1BQKBR1 b Q - 0 14
0,1,29,white,d5e7,0.5600,rnb3k1/p1qpn1p1/2pbp3/1p1NP2p/8/5P2/PPPP2PP/R1BQKBR1 w Q - 1 15
0,1,30,black,g8h8,0.2000,rnb3k1/p1qpN1p1/2pbp3/1p2P2p/8/5P2/PPPP2PP/R1BQKBR1 b Q - 0 15
0,1,31,white,e7g8,0.5000,rnb4k/p1qpN1p1/2pbp3/1p2P2p/8/5P2/PPPP2PP/R1BQKBR1 w Q - 1 16
0,1,32,black,h8g8,0.3000,rnb3Nk/p1qp2p1/2pbp3/1p2P2p/8/5P2/PPPP2PP/R1BQKBR1 b Q - 2 16
0,1,33,white,h2h4,0.0500,rnb3k1/p1qp2p1/2pbp3/1p2P2p/8/5P2/PPPP2PP/R1BQKBR1 w Q - 0 17
0,1,34,black,g7g6,0.0500,rnb3k1/p1qp2p1/2pbp3/1p2P2p/7P/5P2/PPPP2P1/R1BQKBR1 b Q - 0 17
0,1,35,white,g1h1,0.2800,rnb3k1/p1qp4/2pbp1p1/1p2P2p/7P/5P2/PPPP2P1/R1BQKBR1 w Q - 0 18
0,1,36,black,c7a5,0.0400,rnb3k1/p1qp4/2pbp1p1/1p2P2p/7P/5P2/PPPP2P1/R1BQKB1R b Q - 1 18
0,1,37,white,d1e2,0.0300,rnb3k1/p2p4/2pbp1p1/qp2P2p/7P/5P2/PPPP2P1/R1BQKB1R w Q - 2 19
0,1,38,black,g8h8,0.5100,rnb3k1/p2p4/2pbp1p1/qp2P2p/7P/5P2/PPPPQ1P1/R1B1KB1R b Q - 3 19
0,1,39,white,e2f2,0.0300,rnb4k/p2p4/2pbp1p1/qp2P2p/7P/5P2/PPPPQ1P1/R1B1KB1R w Q - 4 20
0,1,40,black,a5d2,0.0300,rnb4k/p2p4/2pbp1p1/qp2P2p/7P/5P2/PPPP1QP1/R1B1KB1R b Q - 5 20
0,1,41,white,e1d2,0.3400,rnb4k/p2p4/2pbp1p1/1p2P2p/7P/5P2/PPPq1QP1/R1B1KB1R w Q - 0 21
0,1,42,black,h8h7,0.0400,rnb4k/p2p4/2pbp1p1/1p2P2p/7P/5P2/PPPK1QP1/R1B2B1R b - - 0 21
0,1,43,white,f2g1,0.0800,rnb5/p2p3k/2pbp1p1/1p2P2p/7P/5P2/PPPK1QP1/R1B2B1R w - - 1 22
0,1,44,black,a7a5,0.0400,rnb5/p2p3k/2pbp1p1/1p2P2p/7P/5P2/PPPK2P1/R1B2BQR b - - 2 22
0,1,45,white,d2e3,0.5400,rnb5/3p3k/2pbp1p1/pp2P2p/7P/5P2/PPPK2P1/R1B2BQR w - - 0 23
0,1,46,black,h7g7,0.0700,rnb5/3p3k/2pbp1p1/pp2P2p/7P/4KP2/PPP3P1/R1B2BQR b - - 1 23
0,1,47,white,e3f4,0.4400,rnb5/3p2k1/2pbp1p1/pp2P2p/7P/4KP2/PPP3P1/R1B2BQR w - - 2 24
0,1,48,black,c8b7,0.3000,rnb5/3p2k1/2pbp1p1/pp2P2p/5K1P/5P2/PPP3P1/R1B2BQR b - - 3 24
0,1,49,white,g1b6,0.1000,rn6/1b1p2k1/2pbp1p1/pp2P2p/5K1P/5P2/PPP3P1/R1B2BQR w - - 4 25
0,1,50,black,b8a6,0.3000,rn6/1b1p2k1/1Qpbp1p1/pp2P2p/5K1P/5P2/PPP3P1/R1B2B1R b - - 5 25
0,1,51,white,b6d8,0.7500,r7/1b1p2k1/nQpbp1p1/pp2P2p/5K1P/5P2/PPP3P1/R1B2B1R w - - 6 26
0,1,52,black,a8d8,0.3500,r2Q4/1b1p2k1/n1pbp1p1/pp2P2p/5K1P/5P2/PPP3P1/R1B2B1R b - - 7 26
0,1,53,white,b2b4,0.0300,3r4/1b1p2k1/n1pbp1p1/pp2P2p/5K1P/5P2/PPP3P1/R1B2B1R w - - 0 27
0,1,54,black,d6e7,0.1000,3r4/1b1p2k1/n1pbp1p1/pp2P2p/1P3K1P/5P2/P1P3P1/R1B2B1R b - - 0 27
0,1,55,white,f4e4,0.3200,3r4/1b1pb1k1/n1p1p1p1/pp2P2p/1P3K1P/5P2/P1P3P1/R1B2B1R w - - 1 28
0,1,56,black,d8h8,0.5700,3r4/1b1pb1k1/n1p1p1p1/pp2P2p/1P2K2P/5P2/P1P3P1/R1B2B1R b - - 2 28
0,1,57,white,h1g1,0.0300,7r/1b1pb1k1/n1p1p1p1/pp2P2p/1P2K2P/5P2/P1P3P1/R1B2B1R w - - 3 29
0,1,58,black,e7b4,0.0600,7r/1b1pb1k1/n1p1p1p1/pp2P2p/1P2K2P/5P2/P1P3P1/R1B2BR1 b - - 4 29
0,1,59,white,e4f4,0.3500,7r/1b1p2k1/n1p1p1p1/pp2P2p/1b2K2P/5P2/P1P3P1/R1B2BR1 w - - 0 30
0,1,60,black,a6c7,0.0700,7r/1b1p2k1/n1p1p1p1/pp2P2p/1b3K1P/5P2/P1P3P1/R1B2BR1 b - - 1 30
0,1,61,white,c2c3,0.0400,7r/1bnp2k1/2p1p1p1/pp2P2p/1b3K1P/5P2/P1P3P1/R1B2BR1 w - - 2 31
0,1,62,black,h8g8,0.6000,7r/1bnp2k1/2p1p1p1/pp2P2p/1b3K1P/2P2P2/P5P1/R1B2BR1 b - - 0 31
0,1,63,white,f4g5,0.2500,6r1/1bnp2k1/2p1p1p1/pp2P2p/1b3K1P/2P2P2/P5P1/R1B2BR1 w - - 1 32
0,1,64,black,g7f8,0.0300,6r1/1bnp2k1/2p1p1p1/pp2P1Kp/1b5P/2P2P2/P5P1/R1B2BR1 b - - 2 32
0,1,65,white,g5f4,0.0300,5kr1/1bnp4/2p1p1p1/pp2P1Kp/1b5P/2P2P2/P5P1/R1B2BR1 w - - 3 33
0,1,66,black,c6c5,0.0400,5kr1/1bnp4/2p1p1p1/pp2P2p/1b3K1P/2P2P2/P5P1/R1B2BR1 b - - 4 33
0,1,67,white,f4e3,0.0400,5kr1/1bnp4/4p1p1/ppp1P2p/1b3K1P/2P2P2/P5P1/R1B2BR1 w - - 0 34
0,1,68,black,f8e7,0.0300,5kr1/1bnp4/4p1p1/ppp1P2p/1b5P/2P1KP2/P5P1/R1B2BR1 b - - 1 34
0,1,69,white,f1b5,0.0400,6r1/1bnpk3/4p1p1/ppp1P2p/1b5P/2P1KP2/P5P1/R1B2BR1 w - - 2 35
0,1,70,black,g8h8,0.5600,6r1/1bnpk3/4p1p1/pBp1P2p/1b5P/2P1KP2/P5P1/R1B3R1 b - - 0 35
0,1,71,white,e3d2,0.0400,7r/1bnpk3/4p1p1/pBp1P2p/1b5P/2P1KP2/P5P1/R1B3R1 w - - 1 36
0,1,72,black,b7f3,0.0500,7r/1bnpk3/4p1p1/pBp1P2p/1b5P/2P2P2/P2K2P1/R1B3R1 b - - 2 36
0,1,73,white,c1b2,0.0800,7r/2npk3/4p1p1/pBp1P2p/1b5P/2P2b2/P2K2P1/R1B3R1 w - - 0 37
0,1,74,black,a5a4,0.1300,7r/2npk3/4p1p1/pBp1P2p/1b5P/2P2b2/PB1K2P1/R5R1 b - - 1 37
0,1,75,white,b5d7,0.5700,7r/2npk3/4p1p1/1Bp1P2p/pb5P/2P2b2/PB1K2P1/R5R1 w - - 0 38
0,1,76,black,h8g8,0.6200,7r/2nBk3/4p1p1/2p1P2p/pb5P/2P2b2/PB1K2P1/R5R1 b - - 0 38
0,1,77,white,d2d3,0.0700,6r1/2nBk3/4p1p1/2p1P2p/pb5P/2P2b2/PB1K2P1/R5R1 w - - 1 39
0,1,78,black,f3a8,0.0600,6r1/2nBk3/4p1p1/2p1P2p/pb5P/2PK1b2/PB4P1/R5R1 b - - 2 39
0,1,79,white,d7e8,0.4900,b5r1/2nBk3/4p1p1/2p1P2p/pb5P/2PK4/PB4P1/R5R1 w - - 3 40
0,1,80,black,g8h8,0.3200,b3B1r1/2n1k3/4p1p1/2p1P2p/pb5P/2PK4/PB4P1/R5R1 b - - 4 40
0,1,81,white,e8f7,0.4900,b3B2r/2n1k3/4p1p1/2p1P2p/pb5P/2PK4/PB4P1/R5R1 w - - 5 41
0,1,82,black,a8e4,0.0300,b6r/2n1kB2/4p1p1/2p1P2p/pb5P/2PK4/PB4P1/R5R1 b - - 6 41
0,1,83,white,d3e4,0.2000,7r/2n1kB2/4p1p1/2p1P2p/pb2b2P/2PK4/PB4P1/R5R1 w - - 7 42
0,1,84,black,e7d8,0.0300,7r/2n1kB2/4p1p1/2p1P2p/pb2K2P/2P5/PB4P1/R5R1 b - - 0 42
0,1,85,white,f7g8,0.4100,3k3r/2n2B2/4p1p1/2p1P2p/pb2K2P/2P5/PB4P1/R5R1 w - - 1 43
0,1,86,black,h8h6,0.0500,3k2Br/2n5/4p1p1/2p1P2p/pb2K2P/2P5/PB4P1/R5R1 b - - 2 43
0,1,87,white,g8h7,0.3800,3k2B1/2n5/4p1pr/2p1P2p/pb2K2P/2P5/PB4P1/R5R1 w - - 3 44
0,1,88,black,g6g5,0.0500,3k4/2n4B/4p1pr/2p1P2p/pb2K2P/2P5/PB4P1/R5R1 b - - 4 44
0,1,89,white,a1c1,0.0800,3k4/2n4B/4p2r/2p1P1pp/pb2K2P/2P5/PB4P1/R5R1 w - - 0 45
0,1,90,black,d8e8,0.2300,3k4/2n4B/4p2r/2p1P1pp/pb2K2P/2P5/PB4P1/2R3R1 b - - 1 45
0,1,91,white,c3c4,0.0400,4k3/2n4B/4p2r/2p1P1pp/pb2K2P/2P5/PB4P1/2R3R1 w - - 2 46
0,1,92,black,e8f8,0.2500,4k3/2n4B/4p2r/2p1P1pp/pbP1K2P/8/PB4P1/2R3R1 b - - 0 46
0,1,93,white,c1e1,0.0800,5k2/2n4B/4p2r/2p1P1pp/pbP1K2P/8/PB4P1/2R3R1 w - - 1 47
0,1,94,black,c7b5,0.0400,5k2/2n4B/4p2r/2p1P1pp/pbP1K2P/8/PB4P1/4R1R1 b - - 2 47
0,1,95,white,e1d1,0.0200,5k2/7B/4p2r/1np1P1pp/pbP1K2P/8/PB4P1/4R1R1 w - - 3 48
0,1,96,black,f8e8,0.2700,5k2/7B/4p2r/1np1P1pp/pbP1K2P/8/PB4P1/3R2R1 b - - 4 48
0,1,97,white,h7g8,0.5700,4k3/7B/4p2r/1np1P1pp/pbP1K2P/8/PB4P1/3R2R1 w - - 5 49
0,1,98,black,h6f6,0.0400,4k1B1/8/4p2r/1np1P1pp/pbP1K2P/8/PB4P1/3R2R1 b - - 6 49
0,1,99,white,d1d4,0.0600,4k1B1/8/4pr2/1np1P1pp/pbP1K2P/8/PB4P1/3R2R1 w - - 7 50
0,1,100,black,b4d2,0.0600,4k1B1/8/4pr2/1np1P1pp/pbPRK2P/8/PB4P1/6R1 b - - 8 50
0,1,101,white,g8h7,0.4400,4k1B1/8/4pr2/1np1P1pp/p1PRK2P/8/PB1b2P1/6R1 w - - 9 51
0,1,102,black,e8f8,0.5000,4k3/7B/4pr2/1np1P1pp/p1PRK2P/8/PB1b2P1/6R1 b - - 10 51
0,1,103,white,h7g8,0.4400,5k2/7B/4pr2/1np1P1pp/p1PRK2P/8/PB1b2P1/6R1 w - - 11 52
0,1,104,black,f8g8,0.5100,5kB1/8/4pr2/1np1P1pp/p1PRK2P/8/PB1b2P1/6R1 b - - 12 52
0,1,105,white,e4d3,0.3500,6k1/8/4pr2/1np1P1pp/p1PRK2P/8/PB1b2P1/6R1 w - - 0 53
0,1,106,black,b5d4,0.0600,6k1/8/4pr2/1np1P1pp/p1PR3P/3K4/PB1b2P1/6R1 b - - 1 53
0,1,107,white,d3e4,0.2200,6k1/8/4pr2/2p1P1pp/p1Pn3P/3K4/PB1b2P1/6R1 w - - 0 54
0,1,108,black,g8h8,0.5600,6k1/8/4pr2/2p1P1pp/p1PnK2P/8/PB1b2P1/6R1 b - - 1 54
0,1,109,white,h4g5,0.0500,7k/8/4pr2/2p1P1pp/p1PnK2P/8/PB1b2P1/6R1 w - - 2 55
0,1,110,black,h8g8,0.4900,7k/8/4pr2/2p1P1Pp/p1PnK3/8/PB1b2P1/6R1 b - - 0 55
0,1,111,white,b2d4,0.0400,6k1/8/4pr2/2p1P1Pp/p1PnK3/8/PB1b2P1/6R1 w - - 1 56
0,1,112,black,d2a5,0.0200,6k1/8/4pr2/2p1P1Pp/p1PBK3/8/P2b2P1/6R1 b - - 0 56
0,1,113,white,d4b2,0.0300,6k1/8/4pr2/b1p1P1Pp/p1PBK3/8/P5P1/6R1 w - - 1 57
0,1,114,black,f6f8,0.0300,6k1/8/4pr2/b1p1P1Pp/p1P1K3/8/PB4P1/6R1 b - - 2 57
0,1,115,white,e4e3,0.2100,5rk1/8/4p3/b1p1P1Pp/p1P1K3/8/PB4P1/6R1 w - - 3 58
0,1,116,black,g8h8,0.3800,5rk1/8/4p3/b1p1P1Pp/p1P5/4K3/PB4P1/6R1 b - - 4 58
0,1,117,white,g1e1,0.0500,5r1k/8/4p3/b1p1P1Pp/p1P5/4K3/PB4P1/6R1 w - - 5 59
0,1,118,black,h8g8,0.3800,5r1k/8/4p3/b1p1P1Pp/p1P5/4K3/PB4P1/4R3 b - - 6 59
0,1,119,white,g2g3,0.0700,5rk1/8/4p3/b1p1P1Pp/p1P5/4K3/PB4P1/4R3 w - - 7 60
0,1,120,black,g8h8,0.3700,5rk1/8/4p3/b1p1P1Pp/p1P5/4K1P1/PB6/4R3 b - - 0 60
0,1,121,white,g3g4,0.0500,5r1k/8/4p3/b1p1P1Pp/p1P5/4K1P1/PB6/4R3 w - - 1 61
0,1,122,black,h8g8,0.4100,5r1k/8/4p3/b1p1P1Pp/p1P3P1/4K3/PB6/4R3 b - - 0 61
0,1,123,white,e1f1,0.0400,5rk1/8/4p3/b1p1P1Pp/p1P3P1/4K3/PB6/4R3 w - - 1 62
0,1,124,black,f8f5,0.0300,5rk1/8/4p3/b1p1P1Pp/p1P3P1/4K3/PB6/5R2 b - - 2 62
0,1,125,white,b2a1,0.0800,6k1/8/4p3/b1p1PrPp/p1P3P1/4K3/PB6/5R2 w - - 3 63
0,1,126,black,g8h7,0.0200,6k1/8/4p3/b1p1PrPp/p1P3P1/4K3/P7/B4R2 b - - 4 63
0,1,127,white,f1h1,0.0700,8/7k/4p3/b1p1PrPp/p1P3P1/4K3/P7/B4R2 w - - 5 64
0,1,128,black,h7g6,0.0300,8/7k/4p3/b1p1PrPp/p1P3P1/4K3/P7/B6R b - - 6 64
0,1,129,white,e3e4,0.2300,8/8/4p1k1/b1p1PrPp/p1P3P1/4K3/P7/B6R w - - 7 65
0,1,130,black,a5c3,0.0500,8/8/4p1k1/b1p1PrPp/p1P1K1P1/8/P7/B6R b - - 8 65
0,1,131,white,h1f1,0.0600,8/8/4p1k1/2p1PrPp/p1P1K1P1/2b5/P7/B6R w - - 9 66
0,1,132,black,f5f1,0.0400,8/8/4p1k1/2p1PrPp/p1P1K1P1/2b5/P7/B4R2 b - - 10 66
0,1,133,white,e4d3,0.1600,8/8/4p1k1/2p1P1Pp/p1P1K1P1/2b5/P7/B4r2 w - - 0 67
0,1,134,black,g6h7,0.5000,8/8/4p1k1/2p1P1Pp/p1P3P1/2bK4/P7/B4r2 b - - 1 67
0,1,135,white,d3e4,0.1000,8/7k/4p3/2p1P1Pp/p1P3P1/2bK4/P7/B4r2 w - - 2 68
0,1,136,black,h7g7,0.0300,8/7k/4p3/2p1P1Pp/p1P1K1P1/2b5/P7/B4r2 b - - 3 68
0,1,137,white,a1b2,0.1400,8/6k1/4p3/2p1P1Pp/p1P1K1P1/2b5/P7/B4r2 w - - 4 69
0,1,138,black,g7h8,0.5300,8/6k1/4p3/2p1P1Pp/p1P1K1P1/2b5/PB6/5r2 b - - 5 69
0,1,139,white,g4h5,0.1100,7k/8/4p3/2p1P1Pp/p1P1K1P1/2b5/PB6/5r2 w - - 6 70
0,1,140,black,h8g8,0.3800,7k/8/4p3/2p1P1PP/p1P1K3/2b5/PB6/5r2 b - - 0 70
0,1,141,white,e4d3,0.1100,6k1/8/4p3/2p1P1PP/p1P1K3/2b5/PB6/5r2 w - - 1 71
0,1,142,black,g8h8,0.4300,6k1/8/4p3/2p1P1PP/p1P5/2bK4/PB6/5r2 b - - 2 71
0,1,143,white,h5h6,0.0800,7k/8/4p3/2p1P1PP/p1P5/2bK4/PB6/5r2 w - - 3 72
0,1,144,black,c3b2,0.0800,7k/8/4p2P/2p1P1P1/p1P5/2bK4/PB6/5r2 b - - 0 72
0,1,145,white,d3e2,0.1300,7k/8/4p2P/2p1P1P1/p1P5/3K4/Pb6/5r2 w - - 0 73
0,1,146,black,h8g8,0.3200,7k/8/4p2P/2p1P1P1/p1P5/8/Pb2K3/5r2 b - - 1 73
0,1,147,white,a2a3,0.1500,6k1/8/4p2P/2p1P1P1/p1P5/8/Pb2K3/5r2 w - - 2 74
0,1,148,black,g8h8,0.3500,6k1/8/4p2P/2p1P1P1/p1P5/P7/1b2K3/5r2 b - - 0 74
0,1,149,white,h6h7,0.1600,7k/8/4p2P/2p1P1P1/p1P5/P7/1b2K3/5r2 w - - 1 75
0,1,150,black,b2c1,0.0300,7k/7P/4p3/2p1P1P1/p1P5/P7/1b2K3/5r2 b - - 0 75
0,1,151,white,e2f1,0.3200,7k/7P/4p3/2p1P1P1/p1P5/P7/4K3/2b2r2 w - - 1 76
0,1,152,black,c1f4,0.1200,7k/7P/4p3/2p1P1P1/p1P5/P7/8/2b2K2 b - - 0 76
0,1,153,white,f1g1,0.1700,7k/7P/4p3/2p1P1P1/p1P2b2/P7/8/5K2 w - - 1 77
0,1,154,black,f4d2,0.1200,7k/7P/4p3/2p1P1P1/p1P2b2/P7/8/6K1 b - - 2 77
0,1,155,white,g1f2,0.1700,7k/7P/4p3/2p1P1P1/p1P5/P7/3b4/6K1 w - - 3 78
0,1,156,black,d2c1,0.1000,7k/7P/4p3/2p1P1P1/p1P5/P7/3b1K2/8 b - - 4 78
0,1,157,white,f2f3,0.1200,7k/7P/4p3/2p1P1P1/p1P5/P7/5K2/2b5 w - - 5 79
0,1,158,black,c1d2,0.1300,7k/7P/4p3/2p1P1P1/p1P5/P4K2/8/2b5 b - - 6 79
0,1,159,white,f3g3,0.1500,7k/7P/4p3/2p1P1P1/p1P5/P4K2/3b4/8 w - - 7 80
0,1,160,black,d2b4,0.1000,7k/7P/4p3/2p1P1P1/p1P5/P5K1/3b4/8 b - - 8 80
0,1,161,white,g3f4,0.1000,7k/7P/4p3/2p1P1P1/pbP5/P5K1/8/8 w - - 9 81
0,1,162,black,b4c3,0.1400,7k/7P/4p3/2p1P1P1/pbP2K2/P7/8/8 b - - 10 81
0,1,163,white,f4f3,0.1700,7k/7P/4p3/2p1P1P1/p1P2K2/P1b5/8/8 w - - 11 82
0,1,164,black,c3e5,0.1000,7k/7P/4p3/2p1P1P1/p1P5/P1b2K2/8/8 b - - 12 82
0,1,165,white,f3f2,0.1400,7k/7P/4p3/2p1b1P1/p1P5/P4K2/8/8 w - - 0 83
0,1,166,black,e5g3,0.0600,7k/7P/4p3/2p1b1P1/p1P5/P7/5K2/8 b - - 1 83
0,1,167,white,f2e2,0.1400,7k/7P/4p3/2p3P1/p1P5/P5b1/5K2/8 w - - 2 84
0,1,168,black,g3d6,0.0800,7k/7P/4p3/2p3P1/p1P5/P5b1/4K3/8 b - - 3 84
0,1,169,white,e2d2,0.1100,7k/7P/3bp3/2p3P1/p1P5/P7/4K3/8 w - - 4 85
0,1,170,black,d6h2,0.0900,7k/7P/3bp3/2p3P1/p1P5/P7/3K4/8 b - - 5 85
0,1,171,white,d2e2,0.1100,7k/7P/4p3/2p3P1/p1P5/P7/3K3b/8 w - - 6 86
0,1,172,black,h8g7,0.1000,7k/7P/4p3/2p3P1/p1P5/P7/4K2b/8 b - - 7 86
0,1,173,white,e2d3,0.0800,8/6kP/4p3/2p3P1/p1P5/P7/4K2b/8 w - - 8 87
0,1,174,black,h2b8,0.0700,8/6kP/4p3/2p3P1/p1P5/P2K4/7b/8 b - - 9 87
0,1,175,white,d3e2,0.0900,1b6/6kP/4p3/2p3P1/p1P5/P2K4/8/8 w - - 10 88
0,1,176,black,e6e5,0.0800,1b6/6kP/4p3/2p3P1/p1P5/P7/4K3/8 b - - 11 88
0,1,177,white,e2d1,0.0800,1b6/6kP/8/2p1p1P1/p1P5/P7/4K3/8 w - - 0 89
0,1,178,black,e5e4,0.1100,1b6/6kP/8/2p1p1P1/p1P5/P7/8/3K4 b - - 1 89
0,1,179,white,h7h8q,0.1000,1b6/6kP/8/2p3P1/p1P1p3/P7/8/3K4 w - - 0 90
0,1,180,black,g7f7,0.3300,1b5Q/6k1/8/2p3P1/p1P1p3/P7/8/3K4 b - - 0 90
0,1,181,white,h8g8,0.4100,1b5Q/5k2/8/2p3P1/p1P1p3/P7/8/3K4 w - - 1 91
0,1,182,black,f7e7,0.5000,1b4Q1/5k2/8/2p3P1/p1P1p3/P7/8/3K4 b - - 2 91
0,1,183,white,g8h8,0.2100,1b4Q1/4k3/8/2p3P1/p1P1p3/P7/8/3K4 w - - 3 92
0,1,184,black,b8a7,0.0800,1b5Q/4k3/8/2p3P1/p1P1p3/P7/8/3K4 b - - 4 92
0,1,185,white,h8g8,0.4400,7Q/b3k3/8/2p3P1/p1P1p3/P7/8/3K4 w - - 5 93
0,1,186,black,e7d6,0.2000,6Q1/b3k3/8/2p3P1/p1P1p3/P7/8/3K4 b - - 6 93
0,1,187,white,g8c8,0.0400,6Q1/b7/3k4/2p3P1/p1P1p3/P7/8/3K4 w - - 7 94
0,1,188,black,a7b8,0.2100,2Q5/b7/3k4/2p3P1/p1P1p3/P7/8/3K4 b - - 8 94
0,1,189,white,c8h8,0.3000,1bQ5/8/3k4/2p3P1/p1P1p3/P7/8/3K4 w - - 9 95
0,1,190,black,d6d7,0.1200,1b5Q/8/3k4/2p3P1/p1P1p3/P7/8/3K4 b - - 10 95
0,1,191,white,d1e2,0.0900,1b5Q/3k4/8/2p3P1/p1P1p3/P7/8/3K4 w - - 11 96
0,1,192,black,b8g3,0.0700,1b5Q/3k4/8/2p3P1/p1P1p3/P7/4K3/8 b - - 12 96
0,1,193,white,h8f6,0.0400,7Q/3k4/8/2p3P1/p1P1p3/P5b1/4K3/8 w - - 13 97
0,1,194,black,g3e1,0.0700,8/3k4/5Q2/2p3P1/p1P1p3/P5b1/4K3/8 b - - 14 97
0,1,195,white,f6h8,0.4600,8/3k4/5Q2/2p3P1/p1P1p3/P7/4K3/4b3 w - - 15 98
0,1,196,black,e1a5,0.0800,7Q/3k4/8/2p3P1/p1P1p3/P7/4K3/4b3 b - - 16 98
0,1,197,white,h8g8,0.4000,7Q/3k4/8/b1p3P1/p1P1p3/P7/4K3/8 w - - 17 99
0,1,198,black,a5b6,0.0800,6Q1/3k4/8/b1p3P1/p1P1p3/P7/4K3/8 b - - 18 99
0,1,199,white,g8h8,0.2500,6Q1/3k4/1b6/2p3P1/p1P1p3/P7/4K3/8 w - - 19 100
0,1,200,black,b6a7,0.1100,7Q/3k4/1b6/2p3P1/p1P1p3/P7/4K3/8 b - - 20 100
0,1,201,white,h8e8,0.0300,7Q/b2k4/8/2p3P1/p1P1p3/P7/4K3/8 w - - 21 101
0,1,202,black,d7e8,0.3300,4Q3/b2k4/8/2p3P1/p1P1p3/P7/4K3/8 b - - 22 101
0,1,203,white,e2e3,0.1400,4k3/b7/8/2p3P1/p1P1p3/P7/4K3/8 w - - 0 102
0,1,204,black,a7b8,0.1400,4k3/b7/8/2p3P1/p1P1p3/P3K3/8/8 b - - 1 102
0,1,205,white,e3e2,0.2100,1b2k3/8/8/2p3P1/p1P1p3/P3K3/8/8 w - - 2 103
0,1,206,black,e8d7,0.0700,1b2k3/8/8/2p3P1/p1P1p3/P7/4K3/8 b - - 3 103
0,1,207,white,e2d1,0.1500,1b6/3k4/8/2p3P1/p1P1p3/P7/4K3/8 w - - 4 104
0,1,208,black,b8c7,0.1700,1b6/3k4/8/2p3P1/p1P1p3/P7/8/3K4 b - - 5 104
0,1,209,white,g5g6,0.1700,8/2bk4/8/2p3P1/p1P1p3/P7/8/3K4 w - - 6 105
0,1,210,black,d7c8,0.0500,8/2bk4/6P1/2p5/p1P1p3/P7/8/3K4 b - - 0 105
0,1,211,white,g6g7,0.1700,2k5/2b5/6P1/2p5/p1P1p3/P7/8/3K4 w - - 1 106
0,1,212,black,c8b8,0.0600,2k5/2b3P1/8/2p5/p1P1p3/P7/8/3K4 b - - 0 106
0,1,213,white,d1e1,0.1100,1k6/2b3P1/8/2p5/p1P1p3/P7/8/3K4 w - - 1 107
0,1,214,black,c7a5,0.0700,1k6/2b3P1/8/2p5/p1P1p3/P7/8/4K3 b - - 2 107
0,1,215,white,e1e2,0.2400,1k6/6P1/8/b1p5/p1P1p3/P7/8/4K3 w - - 3 108
0,1,216,black,b8a7,0.0700,1k6/6P1/8/b1p5/p1P1p3/P7/4K3/8 b - - 4 108
0,1,217,white,g7g8r,0.1300,8/k5P1/8/b1p5/p1P1p3/P7/4K3/8 w - - 5 109
0,1,218,black,a5b4,0.0900,6R1/k7/8/b1p5/p1P1p3/P7/4K3/8 b - - 0 109
0,1,219,white,g8g3,0.0400,6R1/k7/8/2p5/pbP1p3/P7/4K3/8 w - - 1 110
0,1,220,black,a7b7,0.0900,8/k7/8/2p5/pbP1p3/P5R1/4K3/8 b - - 2 110
0,1,221,white,g3g8,0.2000,8/1k6/8/2p5/pbP1p3/P5R1/4K3/8 w - - 3 111
0,1,222,black,b4a3,0.1000,6R1/1k6/8/2p5/pbP1p3/P7/4K3/8 b - - 4 111
0,1,223,white,g8g1,0.0400,6R1/1k6/8/2p5/p1P1p3/b7/4K3/8 w - - 0 112
0,1,224,black,b7a7,0.0800,8/1k6/8/2p5/p1P1p3/b7/4K3/6R1 b - - 1 112
0,1,225,white,e2e3,0.2500,8/k7/8/2p5/p1P1p3/b7/4K3/6R1 w - - 2 113
0,1,226,black,a7a8,0.1200,8/k7/8/2p5/p1P1p3/b3K3/8/6R1 b - - 3 113
0,1,227,white,e3f2,0.0400,k7/8/8/2p5/p1P1p3/b3K3/8/6R1 w - - 4 114
0,1,228,black,a3b4,0.1400,k7/8/8/2p5/p1P1p3/b7/5K2/6R1 b - - 5 114
0,1,229,white,g1h1,0.0500,k7/8/8/2p5/pbP1p3/8/5K2/6R1 w - - 6 115
0,1,230,black,e4e3,0.1000,k7/8/8/2p5/pbP1p3/8/5K2/7R b - - 7 115
0,1,231,white,f2e2,0.1400,k7/8/8/2p5/pbP5/4p3/5K2/7R w - - 0 116
0,1,232,black,a8a7,0.1100,k7/8/8/2p5/pbP5/4p3/4K3/7R b - - 1 116
0,1,233,white,e2f1,0.0400,8/k7/8/2p5/pbP5/4p3/4K3/7R w - - 2 117
0,1,234,black,b4c3,0.0800,8/k7/8/2p5/pbP5/4p3/8/5K1R b - - 3 117
0,1,235,white,f1g2,0.0900,8/k7/8/2p5/p1P5/2b1p3/8/5K1R w - - 4 118
0,1,236,black,a7b8,0.2100,8/k7/8/2p5/p1P5/2b1p3/6K1/7R b - - 5 118
0,1,237,white,g2h2,0.0300,1k6/8/8/2p5/p1P5/2b1p3/6K1/7R w - - 6 119
0,1,238,black,c3b2,0.0500,1k6/8/8/2p5/p1P5/2b1p3/7K/7R b - - 7 119
0,1,239,white,h1d1,0.1000,1k6/8/8/2p5/p1P5/4p3/1b5K/7R w - - 8 120
0,1,240,black,b2a1,0.0600,1k6/8/8/2p5/p1P5/4p3/1b5K/3R4 b - - 9 120
0,1,241,white,h2h3,0.2300,1k6/8/8/2p5/p1P5/4p3/7K/b2R4 w - - 10 121
0,1,242,black,b8c8,0.1400,1k6/8/8/2p5/p1P5/4p2K/8/b2R4 b - - 11 121
0,1,243,white,h3h4,0.2300,2k5/8/8/2p5/p1P5/4p2K/8/b2R4 w - - 12 122
0,1,244,black,a1h8,0.0800,2k5/8/8/2p5/p1P4K/4p3/8/b2R4 b - - 13 122
0,1,245,white,d1a1,0.0400,2k4b/8/8/2p5/p1P4K/4p3/8/3R4 w - - 14 123
0,1,246,black,e3e2,0.0700,2k4b/8/8/2p5/p1P4K/4p3/8/R7 b - - 15 123
0,1,247,white,a1h1,0.0600,2k4b/8/8/2p5/p1P4K/8/4p3/R7 w - - 0 124
0,1,248,black,c8b7,0.0500,2k4b/8/8/2p5/p1P4K/8/4p3/7R b - - 1 124
0,1,249,white,h1g1,0.0700,7b/1k6/8/2p5/p1P4K/8/4p3/7R w - - 2 125
0,1,250,black,b7a6,0.0400,7b/1k6/8/2p5/p1P4K/8/4p3/6R1 b - - 3 125
0,1,251,white,g1g3,0.0500,7b/8/k7/2p5/p1P4K/8/4p3/6R1 w - - 4 126
0,1,252,black,a6b7,0.0600,7b/8/k7/2p5/p1P4K/6R1/4p3/8 b - - 5 126
0,1,253,white,h4h5,0.2100,7b/1k6/8/2p5/p1P4K/6R1/4p3/8 w - - 6 127
0,1,254,black,e2e1r,0.0500,7b/1k6/8/2p4K/p1P5/6R1/4p3/8 b - - 7 127
0,1,255,white,g3a3,0.0400,7b/1k6/8/2p4K/p1P5/6R1/8/4r3 w - - 0 128
0,1,256,black,h8g7,0.5000,7b/1k6/8/2p4K/p1P5/R7/8/4r3 b - - 1 128
0,1,257,white,a3a1,0.0700,8/1k4b1/8/2p4K/p1P5/R7/8/4r3 w - - 2 129
0,1,258,black,g7b2,0.0700,8/1k4b1/8/2p4K/p1P5/8/8/R3r3 b - - 3 129
0,1,259,white,a1a3,0.0800,8/1k6/8/2p4K/p1P5/8/1b6/R3r3 w - - 4 130
0,1,260,black,b2f6,0.0600,8/1k6/8/2p4K/p1P5/R7/1b6/4r3 b - - 5 130
0,1,261,white,h5h6,0.1200,8/1k6/5b2/2p4K/p1P5/R7/8/4r3 w - - 6 131
0,1,262,black,b7c8,0.6300,8/1k6/5b1K/2p5/p1P5/R7/8/4r3 b - - 7 131
0,1,263,white,a3d3,0.0800,2k5/8/5b1K/2p5/p1P5/R7/8/4r3 w - - 8 132
0,1,264,black,e1e2,0.1000,2k5/8/5b1K/2p5/p1P5/3R4/8/4r3 b - - 9 132
0,1,265,white,h6h7,0.1900,2k5/8/5b1K/2p5/p1P5/3R4/4r3/8 w - - 10 133
0,1,266,black,c8b8,0.4900,2k5/7K/5b2/2p5/p1P5/3R4/4r3/8 b - - 11 133
0,1,267,white,h7g8,0.1900,1k6/7K/5b2/2p5/p1P5/3R4/4r3/8 w - - 12 134
0,1,268,black,b8c8,0.5600,1k4K1/8/5b2/2p5/p1P5/3R4/4r3/8 b - - 13 134
0,1,269,white,d3d4,0.0600,2k3K1/8/5b2/2p5/p1P5/3R4/4r3/8 w - - 14 135
0,1,270,black,c8b8,0.4300,2k3K1/8/5b2/2p5/p1PR4/8/4r3/8 b - - 15 135
0,1,271,white,d4g4,0.0700,1k4K1/8/5b2/2p5/p1PR4/8/4r3/8 w - - 16 136
0,1,272,black,b8c8,0.5700,1k4K1/8/5b2/2p5/p1P3R1/8/4r3/8 b - - 17 136
0,1,273,white,g4g5,0.0700,2k3K1/8/5b2/2p5/p1P3R1/8/4r3/8 w - - 18 137
0,1,274,black,e2e3,0.1100,2k3K1/8/5b2/2p3R1/p1P5/8/4r3/8 b - - 19 137
0,1,275,white,g5d5,0.0700,2k3K1/8/5b2/2p3R1/p1P5/4r3/8/8 w - - 20 138
0,1,276,black,c8b8,0.5000,2k3K1/8/5b2/2pR4/p1P5/4r3/8/8 b - - 21 138
0,1,277,white,d5h5,0.0600,1k4K1/8/5b2/2pR4/p1P5/4r3/8/8 w - - 22 139
0,1,278,black,b8c8,0.5700,1k4K1/8/5b2/2p4R/p1P5/4r3/8/8 b - - 23 139
0,1,279,white,g8h7,0.0600,2k3K1/8/5b2/2p4R/p1P5/4r3/8/8 w - - 24 140
0,1,280,black,f6g7,0.0600,2k5/7K/5b2/2p4R/p1P5/4r3/8/8 b - - 25 140
0,1,281,white,h5h2,0.0800,2k5/6bK/8/2p4R/p1P5/4r3/8/8 w - - 26 141
0,1,282,black,g7b2,0.0300,2k5/6bK/8/2p5/p1P5/4r3/7R/8 b - - 27 141
0,1,283,white,h2g2,0.0700,2k5/7K/8/2p5/p1P5/4r3/1b5R/8 w - - 28 142
0,1,284,black,c8d8,0.5000,2k5/7K/8/2p5/p1P5/4r3/1b4R1/8 b - - 29 142
0,1,285,white,h7g6,0.0600,3k4/7K/8/2p5/p1P5/4r3/1b4R1/8 w - - 30 143
0,1,286,black,e3h3,0.0500,3k4/8/6K1/2p5/p1P5/4r3/1b4R1/8 b - - 31 143
0,1,287,white,g2e2,0.0700,3k4/8/6K1/2p5/p1P5/7r/1b4R1/8 w - - 32 144
0,1,288,black,b2h8,0.0600,3k4/8/6K1/2p5/p1P5/7r/1b2R3/8 b - - 33 144
0,1,289,white,g6f7,0.1900,3k3b/8/6K1/2p5/p1P5/7r/4R3/8 w - - 34 145
0,1,290,black,h8b2,0.0300,3k3b/5K2/8/2p5/p1P5/7r/4R3/8 b - - 35 145
0,1,291,white,e2b2,0.0500,3k4/5K2/8/2p5/p1P5/7r/1b2R3/8 w - - 36 146
0,1,292,black,h3g3,0.0500,3k4/5K2/8/2p5/p1P5/7r/1R6/8 b - - 0 146
0,1,293,white,b2e2,0.0500,3k4/5K2/8/2p5/p1P5/6r1/1R6/8 w - - 1 147
0,1,294,black,d8c7,0.0500,3k4/5K2/8/2p5/p1P5/6r1/4R3/8 b - - 2 147
0,1,295,white,f7f8,0.2300,8/2k2K2/8/2p5/p1P5/6r1/4R3/8 w - - 3 148
0,1,296,black,c7b6,0.0600,5K2/2k5/8/2p5/p1P5/6r1/4R3/8 b - - 4 148
0,1,297,white,e2e6,0.0500,5K2/8/1k6/2p5/p1P5/6r1/4R3/8 w - - 5 149
0,1,298,black,b6a5,0.2500,5K2/8/1k2R3/2p5/p1P5/6r1/8/8 b - - 6 149
0,1,299,white,f8e7,0.0500,5K2/8/4R3/k1p5/p1P5/6r1/8/8 w - - 7 150
0,1,300,black,g3g2,0.0500,8/4K3/4R3/k1p5/p1P5/6r1/8/8 b - - 8 150
0,1,301,white,e7f8,0.2300,8/4K3/4R3/k1p5/p1P5/8/6r1/8 w - - 9 151
0,1,302,black,g2g5,0.0500,5K2/8/4R3/k1p5/p1P5/8/6r1/8 b - - 10 151
0,1,303,white,e6d6,0.0500,5K2/8/4R3/k1p3r1/p1P5/8/8/8 w - - 11 152
0,1,304,black,g5g3,0.0700,5K2/8/3R4/k1p3r1/p1P5/8/8/8 b - - 12 152
0,1,305,white,d6h6,0.0500,5K2/8/3R4/k1p5/p1P5/6r1/8/8 w - - 13 153
0,1,306,black,g3c3,0.0600,5K2/8/7R/k1p5/p1P5/6r1/8/8 b - - 14 153
0,1,307,white,h6e6,0.0400,5K2/8/7R/k1p5/p1P5/2r5/8/8 w - - 15 154
0,1,308,black,c3a3,0.0800,5K2/8/4R3/k1p5/p1P5/2r5/8/8 b - - 16 154
0,1,309,white,e6d6,0.0500,5K2/8/4R3/k1p5/p1P5/r7/8/8 w - - 17 155
0,1,310,black,a3h3,0.1000,5K2/8/3R4/k1p5/p1P5/r7/8/8 b - - 18 155
0,1,311,white,d6c6,0.0400,5K2/8/3R4/k1p5/p1P5/7r/8/8 w - - 19 156
0,1,312,black,h3h1,0.0600,5K2/8/2R5/k1p5/p1P5/7r/8/8 b - - 20 156
0,1,313,white,c6g6,0.0600,5K2/8/2R5/k1p5/p1P5/8/8/7r w - - 21 157
0,1,314,black,h1b1,0.0600,5K2/8/6R1/k1p5/p1P5/8/8/7r b - - 22 157
0,1,315,white,f8g8,0.2300,5K2/8/6R1/k1p5/p1P5/8/8/1r6 w - - 23 158
0,1,316,black,a5b4,0.1700,6K1/8/6R1/k1p5/p1P5/8/8/1r6 b - - 24 158
0,1,317,white,g8h8,0.2100,6K1/8/6R1/2p5/pkP5/8/8/1r6 w - - 25 159
0,1,318,black,b1f1,0.0600,7K/8/6R1/2p5/pkP5/8/8/1r6 b - - 26 159
0,1,319,white,g6d6,0.0500,7K/8/6R1/2p5/pkP5/8/8/5r2 w - - 27 160
0,1,320,black,f1c1,0.0400,7K/8/3R4/2p5/pkP5/8/8/5r2 b - - 28 160
0,1,321,white,h8g8,0.1900,7K/8/3R4/2p5/pkP5/8/8/2r5 w - - 29 161
0,1,322,black,b4a5,0.1700,6K1/8/3R4/2p5/pkP5/8/8/2r5 b - - 30 161
0,1,323,white,d6e6,0.0500,6K1/8/3R4/k1p5/p1P5/8/8/2r5 w - - 31 162
0,1,324,black,c1e1,0.0900,6K1/8/4R3/k1p5/p1P5/8/8/2r5 b - - 32 162
0,1,325,white,g8h8,0.2300,6K1/8/4R3/k1p5/p1P5/8/8/4r3 w - - 33 163
0,1,326,black,a5b4,0.1300,7K/8/4R3/k1p5/p1P5/8/8/4r3 b - - 34 163
0,1,327,white,e6b6,0.0500,7K/8/4R3/2p5/pkP5/8/8/4r3 w - - 35 164
0,1,328,black,b4c3,0.2500,7K/8/1R6/2p5/pkP5/8/8/4r3 b - - 36 164
0,1,329,white,h8h7,0.0500,7K/8/1R6/2p5/p1P5/2k5/8/4r3 w - - 37 165
0,1,330,black,e1a1,0.0300,8/7K/1R6/2p5/p1P5/2k5/8/4r3 b - - 38 165
0,1,331,white,b6b1,0.0400,8/7K/1R6/2p5/p1P5/2k5/8/r7 w - - 39 166
0,1,332,black,c3d2,0.1100,8/7K/8/2p5/p1P5/2k5/8/rR6 b - - 40 166
0,1,333,white,b1b5,0.0400,8/7K/8/2p5/p1P5/8/3k4/rR6 w - - 41 167
0,1,334,black,d2e3,0.2100,8/7K/8/1Rp5/p1P5/8/3k4/r7 b - - 42 167
0,1,335,white,b5c5,0.0700,8/7K/8/1Rp5/p1P5/4k3/8/r7 w - - 43 168
0,1,336,black,e3f4,0.2100,8/7K/8/2R5/p1P5/4k3/8/r7 b - - 0 168
0,1,337,white,c5f5,0.0600,8/7K/8/2R5/p1P2k2/8/8/r7 w - - 1 169
0,1,338,black,f4e3,0.2000,8/7K/8/5R2/p1P2k2/8/8/r7 b - - 2 169
0,1,339,white,f5h5,0.0400,8/7K/8/5R2/p1P5/4k3/8/r7 w - - 3 170
0,1,340,black,a1b1,0.0400,8/7K/8/7R/p1P5/4k3/8/r7 b - - 4 170
0,1,341,white,h5g5,0.0400,8/7K/8/7R/p1P5/4k3/8/1r6 w - - 5 171
0,1,342,black,b1c1,0.0800,8/7K/8/6R1/p1P5/4k3/8/1r6 b - - 6 171
0,1,343,white,g5g6,0.0700,8/7K/8/6R1/p1P5/4k3/8/2r5 w - - 7 172
0,1,344,black,c1a1,0.0600,8/7K/6R1/8/p1P5/4k3/8/2r5 b - - 8 172
0,1,345,white,g6g3,0.0400,8/7K/6R1/8/p1P5/4k3/8/r7 w - - 9 173
0,1,346,black,e3e4,0.1600,8/7K/8/8/p1P5/4k1R1/8/r7 b - - 10 173
0,1,347,white,h7g8,0.0300,8/7K/8/8/p1P1k3/6R1/8/r7 w - - 11 174
0,1,348,black,e4f4,0.0700,6K1/8/8/8/p1P1k3/6R1/8/r7 b - - 12 174
0,1,349,white,g8h8,0.2300,6K1/8/8/8/p1P2k2/6R1/8/r7 w - - 13 175
0,1,350,black,a1f1,0.0600,7K/8/8/8/p1P2k2/6R1/8/r7 b - - 14 175
0,1,351,white,g3h3,0.0500,7K/8/8/8/p1P2k2/6R1/8/5r2 w - - 15 176
0,1,352,black,f1c1,0.0600,7K/8/8/8/p1P2k2/7R/8/5r2 b - - 16 176
0,1,353,white,h3e3,0.0500,7K/8/8/8/p1P2k2/7R/8/2r5 w - - 17 177
0,1,354,black,c1b1,0.0600,7K/8/8/8/p1P2k2/4R3/8/2r5 b - - 18 177
0,1,355,white,e3e5,0.0500,7K/8/8/8/p1P2k2/4R3/8/1r6 w - - 19 178
0,1,356,black,f4e5,0.2300,7K/8/8/4R3/p1P2k2/8/8/1r6 b - - 20 178
0,1,357,white,h8h7,0.2400,7K/8/8/4k3/p1P5/8/8/1r6 w - - 0 179
0,1,358,black,e5f4,0.0200,8/7K/8/4k3/p1P5/8/8/1r6 b - - 1 179
0,1,359,white,h7g8,0.1600,8/7K/8/8/p1P2k2/8/8/1r6 w - - 2 180
0,1,360,black,b1f1,0.0500,6K1/8/8/8/p1P2k2/8/8/1r6 b - - 3 180
0,1,361,white,c4c5,0.1700,6K1/8/8/8/p1P2k2/8/8/5r2 w - - 4 181
0,1,362,black,f4e3,0.0500,6K1/8/8/2P5/p4k2/8/8/5r2 b - - 0 181
0,1,363,white,g8h8,0.2500,6K1/8/8/2P5/p7/4k3/8/5r2 w - - 1 182
0,1,364,black,f1f7,0.0200,7K/8/8/2P5/p7/4k3/8/5r2 b - - 2 182
0,1,365,white,h8g8,0.5000,7K/5r2/8/2P5/p7/4k3/8/8 w - - 3 183
0,1,366,black,f7f8,0.3200,6K1/5r2/8/2P5/p7/4k3/8/8 b - - 4 183
0,1,367,white,g8h7,0.3300,5rK1/8/8/2P5/p7/4k3/8/8 w - - 5 184
0,1,368,black,e3e2,0.0800,5r2/7K/8/2P5/p7/4k3/8/8 b - - 6 184
0,1,369,white,c5c6,0.2500,5r2/7K/8/2P5/p7/8/4k3/8 w - - 7 185
0,1,370,black,e2e1,0.0800,5r2/7K/2P5/8/p7/8/4k3/8 b - - 0 185
0,1,371,white,h7g7,0.2500,5r2/7K/2P5/8/p7/8/8/4k3 w - - 1 186
0,1,372,black,f8g8,0.0300,5r2/6K1/2P5/8/p7/8/8/4k3 b - - 2 186
0,1,373,white,g7g8,0.2000,6r1/6K1/2P5/8/p7/8/8/4k3 w - - 3 187
0,1,374,black,e1f1,0.1700,6K1/8/2P5/8/p7/8/8/4k3 b - - 0 187
0,1,375,white,g8f7,0.1600,6K1/8/2P5/8/p7/8/8/5k2 w - - 1 188
0,1,376,black,a4a3,0.1700,8/5K2/2P5/8/p7/8/8/5k2 b - - 2 188
0,1,377,white,f7f6,0.1100,8/5K2/2P5/8/8/p7/8/5k2 w - - 0 189
0,1,378,black,f1g1,0.1700,8/8/2P2K2/8/8/p7/8/5k2 b - - 1 189
0,1,379,white,c6c7,0.1100,8/8/2P2K2/8/8/p7/8/6k1 w - - 2 190
0,1,380,black,g1h1,0.1700,8/2P5/5K2/8/8/p7/8/6k1 b - - 0 190
0,1,381,white,f6f5,0.0800,8/2P5/5K2/8/8/p7/8/7k w - - 1 191
0,1,382,black,h1g2,0.2400,8/2P5/8/5K2/8/p7/8/7k b - - 2 191
0,1,383,white,f5e4,0.0900,8/2P5/8/5K2/8/p7/6k1/8 w - - 3 192
0,1,384,black,g2h1,0.1200,8/2P5/8/8/4K3/p7/6k1/8 b - - 4 192
0,1,385,white,c7c8q,0.0800,8/2P5/8/8/4K3/p7/8/7k w - - 5 193
0,1,386,black,h1g1,0.2600,2Q5/8/8/8/4K3/p7/8/7k b - - 0 193
0,1,387,white,c8h8,0.5000,2Q5/8/8/8/4K3/p7/8/6k1 w - - 1 194
0,1,388,black,g1f1,0.2600,7Q/8/8/8/4K3/p7/8/6k1 b - - 2 194
0,1,389,white,h8h7,0.0700,7Q/8/8/8/4K3/p7/8/5k2 w - - 3 195
0,1,390,black,f1f2,0.1600,8/7Q/8/8/4K3/p7/8/5k2 b - - 4 195
0,1,391,white,h7h3,0.0200,8/7Q/8/8/4K3/p7/5k2/8 w - - 5 196
0,1,392,black,a3a2,0.2500,8/8/8/8/4K3/p6Q/5k2/8 b - - 6 196
0,1,393,white,e4f5,0.4300,8/8/8/8/4K3/7Q/p4k2/8 w - - 0 197
0,1,394,black,f2e2,0.1400,8/8/8/5K2/8/7Q/p4k2/8 b - - 1 197
0,1,395,white,f5g6,0.3700,8/8/8/5K2/8/7Q/p3k3/8 w - - 2 198
0,1,396,black,a2a1r,0.1300,8/8/6K1/8/8/7Q/p3k3/8 b - - 3 198
0,1,397,white,g6h7,0.4900,8/8/6K1/8/8/7Q/4k3/r7 w - - 0 199
0,1,398,black,a1a6,0.0400,8/7K/8/8/8/7Q/4k3/r7 b - - 1 199
0,1,399,white,h7h8,0.3000,8/7K/r7/8/8/7Q/4k3/8 w - - 2 200
0,1,400,black,a6d6,0.0500,7K/8/r7/8/8/7Q/4k3/8 b - - 3 200
0,1,401,white,h3h7,0.0200,7K/8/3r4/8/8/7Q/4k3/8 w - - 4 201
0,1,402,black,e2d1,0.0700,7K/7Q/3r4/8/8/8/4k3/8 b - - 5 201
0,1,403,white,h7c7,0.0500,7K/7Q/3r4/8/8/8/8/3k4 w - - 6 202
0,1,404,black,d6d4,0.0600,7K/2Q5/3r4/8/8/8/8/3k4 b - - 7 202
0,1,405,white,c7c5,0.0500,7K/2Q5/8/8/3r4/8/8/3k4 w - - 8 203
0,1,406,black,d4f4,0.0600,7K/8/8/2Q5/3r4/8/8/3k4 b - - 9 203
0,1,407,white,h8g8,0.4700,7K/8/8/2Q5/5r2/8/8/3k4 w - - 10 204
0,1,408,black,f4f3,0.0500,6K1/8/8/2Q5/5r2/8/8/3k4 b - - 11 204
0,1,409,white,g8h8,0.4600,6K1/8/8/2Q5/8/5r2/8/3k4 w - - 12 205
0,1,410,black,f3f5,0.0500,7K/8/8/2Q5/8/5r2/8/3k4 b - - 13 205
0,1,411,white,h8g8,0.4100,7K/8/8/2Q2r2/8/8/8/3k4 w - - 14 206
0,1,412,black,d1d2,0.0600,6K1/8/8/2Q2r2/8/8/8/3k4 b - - 15 206
0,1,413,white,g8h8,0.4100,6K1/8/8/2Q2r2/8/8/3k4/8 w - - 16 207
0,1,414,black,f5f3,0.0500,7K/8/8/2Q2r2/8/8/3k4/8 b - - 17 207
0,1,415,white,c5a7,0.0600,7K/8/8/2Q5/8/5r2/3k4/8 w - - 18 208
0,1,416,black,f3d3,0.0400,7K/Q7/8/8/8/5r2/3k4/8 b - - 19 208
0,1,417,white,a7e7,0.0300,7K/Q7/8/8/8/3r4/3k4/8 w - - 20 209
0,1,418,black,d2c2,0.0600,7K/4Q3/8/8/8/3r4/3k4/8 b - - 21 209
0,1,419,white,e7e4,0.0900,7K/4Q3/8/8/8/3r4/2k5/8 w - - 22 210
0,1,420,black,c2c1,0.1500,7K/8/8/8/4Q3/3r4/2k5/8 b - - 23 210
0,1,421,white,e4a4,0.1000,7K/8/8/8/4Q3/3r4/8/2k5 w - - 24 211
0,1,422,black,d3a3,0.0500,7K/8/8/8/Q7/3r4/8/2k5 b - - 25 211
0,1,423,white,a4d4,0.0300,7K/8/8/8/Q7/r7/8/2k5 w - - 26 212
0,1,424,black,a3e3,0.0600,7K/8/8/8/3Q4/r7/8/2k5 b - - 27 212
0,1,425,white,d4d1,0.0400,7K/8/8/8/3Q4/4r3/8/2k5 w - - 28 213
0,1,426,black,c1d1,0.4900,7K/8/8/8/8/4r3/8/2kQ4 b - - 29 213
0,1,427,white,h8h7,0.3200,7K/8/8/8/8/4r3/8/3k4 w - - 0 214
0,1,428,black,e3h3,0.0400,8/7K/8/8/8/4r3/8/3k4 b - - 1 214
0,1,429,white,h7g6,0.3400,8/7K/8/8/8/7r/8/3k4 w - - 2 215
0,1,430,black,h3h8,0.2300,8/8/6K1/8/8/7r/8/3k4 b - - 3 215
0,1,431,white,g6g5,0.2000,7r/8/6K1/8/8/8/8/3k4 w - - 4 216
0,1,432,black,h8c8,0.0400,7r/8/8/6K1/8/8/8/3k4 b - - 5 216
0,1,433,white,g5f4,0.1300,2r5/8/8/6K1/8/8/8/3k4 w - - 6 217
0,1,434,black,c8c2,0.0500,2r5/8/8/8/5K2/8/8/3k4 b - - 7 217
0,1,435,white,f4g4,0.1200,8/8/8/8/5K2/8/2r5/3k4 w - - 8 218
0,1,436,black,c2c6,0.0500,8/8/8/8/6K1/8/2r5/3k4 b - - 9 218
0,1,437,white,g4g3,0.1300,8/8/2r5/8/6K1/8/8/3k4 w - - 10 219
0,1,438,black,c6g6,0.0400,8/8/2r5/8/8/6K1/8/3k4 b - - 11 219
0,1,439,white,g3h3,0.1700,8/8/6r1/8/8/6K1/8/3k4 w - - 12 220
0,1,440,black,d1c2,0.0400,8/8/6r1/8/8/7K/8/3k4 b - - 13 220
0,1,441,white,h3h2,0.4900,8/8/6r1/8/8/7K/2k5/8 w - - 14 221
0,1,442,black,g6g1,0.0300,8/8/6r1/8/8/8/2k4K/8 b - - 15 221
0,1,443,white,h2h3,0.5100,8/8/8/8/8/8/2k4K/6r1 w - - 16 222
0,1,444,black,g1g7,0.0300,8/8/8/8/8/7K/2k5/6r1 b - - 17 222
0,1,445,white,h3h4,0.5100,8/6r1/8/8/8/7K/2k5/8 w - - 18 223
0,1,446,black,g7g8,0.3000,8/6r1/8/8/7K/8/2k5/8 b - - 19 223
0,1,447,white,h4h5,0.5100,6r1/8/8/8/7K/8/2k5/8 w - - 20 224
0,1,448,black,g8f8,0.0300,6r1/8/8/7K/8/8/2k5/8 b - - 21 224
0,1,449,white,h5g4,0.1900,5r2/8/8/7K/8/8/2k5/8 w - - 22 225
0,1,450,black,f8f3,0.0300,5r2/8/8/8/6K1/8/2k5/8 b - - 23 225
0,1,451,white,g4h5,0.2500,8/8/8/8/6K1/5r2/2k5/8 w - - 24 226
0,1,452,black,c2d3,0.0300,8/8/8/7K/8/5r2/2k5/8 b - - 25 226
0,1,453,white,h5h4,0.2000,8/8/8/7K/8/3k1r2/8/8 w - - 26 227
0,1,454,black,f3f8,0.2100,8/8/8/8/7K/3k1r2/8/8 b - - 27 227
0,1,455,white,h4g5,0.2000,5r2/8/8/8/7K/3k4/8/8 w - - 28 228
0,1,456,black,d3d4,0.0300,5r2/8/8/6K1/8/3k4/8/8 b - - 29 228
0,1,457,white,g5g6,0.2000,5r2/8/8/6K1/3k4/8/8/8 w - - 30 229
0,1,458,black,d4e4,0.0400,5r2/8/6K1/8/3k4/8/8/8 b - - 31 229
0,1,459,white,g6h6,0.2100,5r2/8/6K1/8/4k3/8/8/8 w - - 32 230
0,1,460,black,e4f4,0.0500,5r2/8/7K/8/4k3/8/8/8 b - - 33 230
0,1,461,white,h6g7,0.2400,5r2/8/7K/8/5k2/8/8/8 w - - 34 231
0,1,462,black,f4f3,0.0400,5r2/6K1/8/8/5k2/8/8/8 b - - 35 231
0,1,463,white,g7g6,0.2500,5r2/6K1/8/8/8/5k2/8/8 w - - 36 232
0,1,464,black,f3f2,0.0600,5r2/8/6K1/8/8/5k2/8/8 b - - 37 232
0,1,465,white,g6h5,0.2000,5r2/8/6K1/8/8/8/5k2/8 w - - 38 233
0,1,466,black,f8d8,0.0300,5r2/8/8/7K/8/8/5k2/8 b - - 39 233
0,1,467,white,h5g6,0.2000,3r4/8/8/7K/8/8/5k2/8 w - - 40 234
0,1,468,black,f2e2,0.0300,3r4/8/6K1/8/8/8/5k2/8 b - - 41 234
0,1,469,white,g6g7,0.1200,3r4/8/6K1/8/8/8/4k3/8 w - - 42 235
0,1,470,black,d8a8,0.0300,3r4/6K1/8/8/8/8/4k3/8 b - - 43 235
0,1,471,white,g7h6,0.2000,r7/6K1/8/8/8/8/4k3/8 w - - 44 236
0,1,472,black,a8h8,0.3000,r7/8/7K/8/8/8/4k3/8 b - - 45 236
0,1,473,white,h6g5,0.3400,7r/8/7K/8/8/8/4k3/8 w - - 46 237
0,1,474,black,h8g8,0.2900,7r/8/8/6K1/8/8/4k3/8 b - - 47 237
0,1,475,white,g5h4,0.1600,6r1/8/8/6K1/8/8/4k3/8 w - - 48 238
0,1,476,black,e2e1,0.0700,6r1/8/8/8/7K/8/4k3/8 b - - 49 238
0,1,477,white,h4h5,0.5100,6r1/8/8/8/7K/8/8/4k3 w - - 50 239
0,1,478,black,g8b8,0.0400,6r1/8/8/7K/8/8/8/4k3 b - - 51 239
0,1,479,white,h5g6,0.2000,1r6/8/8/7K/8/8/8/4k3 w - - 52 240
0,1,480,black,b8d8,0.0400,1r6/8/6K1/8/8/8/8/4k3 b - - 53 240
0,1,481,white,g6g7,0.1200,3r4/8/6K1/8/8/8/8/4k3 w - - 54 241
0,1,482,black,e1e2,0.0400,3r4/6K1/8/8/8/8/8/4k3 b - - 55 241
0,1,483,white,g7h7,0.2000,3r4/6K1/8/8/8/8/4k3/8 w - - 56 242
0,1,484,black,e2e1,0.0700,3r4/7K/8/8/8/8/4k3/8 b - - 57 242
0,1,485,white,h7h6,0.3300,3r4/7K/8/8/8/8/8/4k3 w - - 58 243
0,1,486,black,d8h8,0.2300,3r4/8/7K/8/8/8/8/4k3 b - - 59 243
0,1,487,white,h6g7,0.3300,7r/8/7K/8/8/8/8/4k3 w - - 60 244
0,1,488,black,h8a8,0.0400,7r/6K1/8/8/8/8/8/4k3 b - - 61 244
0,1,489,white,g7h7,0.2000,r7/6K1/8/8/8/8/8/4k3 w - - 62 245
0,1,490,black,a8a2,0.0500,r7/7K/8/8/8/8/8/4k3 b - - 63 245
0,1,491,white,h7g8,0.2000,8/7K/8/8/8/8/r7/4k3 w - - 64 246
0,1,492,black,a2a3,0.0400,6K1/8/8/8/8/8/r7/4k3 b - - 65 246
0,1,493,white,g8h8,0.2000,6K1/8/8/8/8/r7/8/4k3 w - - 66 247
0,1,494,black,a3a8,0.2300,7K/8/8/8/8/r7/8/4k3 b - - 67 247
0,1,495,white,h8h7,0.5100,r6K/8/8/8/8/8/8/4k3 w - - 68 248
0,1,496,black,a8a7,0.0600,r7/7K/8/8/8/8/8/4k3 b - - 69 248
0,1,497,white,h7h6,0.2600,8/r6K/8/8/8/8/8/4k3 w - - 70 249
0,1,498,black,a7a2,0.0500,8/r7/7K/8/8/8/8/4k3 b - - 71 249
0,1,499,white,h6g5,0.1900,8/8/7K/8/8/8/r7/4k3 w - - 72 250
0,1,500,black,a2a8,0.2300,8/8/8/6K1/8/8/r7/4k3 b - - 73 250
0,1,501,white,g5f6,0.1300,r7/8/8/6K1/8/8/8/4k3 w - - 74 251
0,1,502,black,a8h8,0.2300,r7/8/5K2/8/8/8/8/4k3 b - - 75 251
0,1,503,white,f6g5,0.1300,7r/8/5K2/8/8/8/8/4k3 w - - 76 252
0,1,504,black,h8h6,0.0400,7r/8/8/6K1/8/8/8/4k3 b - - 77 252
0,1,505,white,g5f4,0.2500,8/8/7r/6K1/8/8/8/4k3 w - - 78 253
0,1,506,black,e1d2,0.0400,8/8/7r/8/5K2/8/8/4k3 b - - 79 253
0,1,507,white,f4g4,0.1400,8/8/7r/8/5K2/8/3k4/8 w - - 80 254
0,1,508,black,d2c1,0.0300,8/8/7r/8/6K1/8/3k4/8 b - - 81 254
0,1,509,white,g4f5,0.2000,8/8/7r/8/6K1/8/8/2k5 w - - 82 255
0,1,510,black,c1c2,0.0400,8/8/7r/5K2/8/8/8/2k5 b - - 83 255
0,1,511,white,f5e5,0.1900,8/8/7r/5K2/8/8/2k5/8 w - - 84 256
0,1,512,black,h6a6,0.0300,8/8/7r/4K3/8/8/2k5/8 b - - 85 256
0,1,513,white,e5f5,0.2000,8/8/r7/4K3/8/8/2k5/8 w - - 86 257
0,1,514,black,c2b3,0.0300,8/8/r7/5K2/8/8/2k5/8 b - - 87 257
0,1,515,white,f5e5,0.2000,8/8/r7/5K2/8/1k6/8/8 w - - 88 258
0,1,516,black,a6a8,0.2900,8/8/r7/4K3/8/1k6/8/8 b - - 89 258
0,1,517,white,e5e4,0.1300,r7/8/8/4K3/8/1k6/8/8 w - - 90 259
0,1,518,black,a8h8,0.3000,r7/8/8/8/4K3/1k6/8/8 b - - 91 259
0,1,519,white,e4f4,0.1200,7r/8/8/8/4K3/1k6/8/8 w - - 92 260
0,1,520,black,h8h6,0.0300,7r/8/8/8/5K2/1k6/8/8 b - - 93 260
0,1,521,white,f4g3,0.1300,8/8/7r/8/5K2/1k6/8/8 w - - 94 261
0,1,522,black,h6h5,0.0300,8/8/7r/8/8/1k4K1/8/8 b - - 95 261
0,1,523,white,g3g4,0.2000,8/8/8/7r/8/1k4K1/8/8 w - - 96 262
0,1,524,black,b3b2,0.0700,8/8/8/7r/6K1/1k6/8/8 b - - 97 262
0,1,525,white,g4f4,0.2400,8/8/8/7r/6K1/8/1k6/8 w - - 98 263
0,1,526,black,h5h8,0.3000,8/8/8/7r/5K2/8/1k6/8 b - - 99 263
0,1,527,white,f4e4,0.1200,7r/8/8/8/5K2/8/1k6/8 w - - 100 264
0,1,528,black,h8g8,0.2900,7r/8/8/8/4K3/8/1k6/8 b - - 101 264
0,1,529,white,e4e5,0.1200,6r1/8/8/8/4K3/8/1k6/8 w - - 102 265
0,1,530,black,g8h8,0.2900,6r1/8/8/4K3/8/8/1k6/8 b - - 103 265
0,1,531,white,e5d6,0.1300,7r/8/8/4K3/8/8/1k6/8 w - - 104 266
0,1,532,black,h8g8,0.2900,7r/8/3K4/8/8/8/1k6/8 b - - 105 266
0,1,533,white,d6c7,0.1300,6r1/8/3K4/8/8/8/1k6/8 w - - 106 267
0,1,534,black,g8h8,0.3000,6r1/2K5/8/8/8/8/1k6/8 b - - 107 267
0,1,535,white,c7b7,0.2000,7r/2K5/8/8/8/8/1k6/8 w - - 108 268
0,1,536,black,h8h3,0.0300,7r/1K6/8/8/8/8/1k6/8 b - - 109 268
0,1,537,white,b7b6,0.1300,8/1K6/8/8/8/7r/1k6/8 w - - 110 269
0,1,538,black,h3h8,0.2900,8/8/1K6/8/8/7r/1k6/8 b - - 111 269
0,1,539,white,b6b5,0.1300,7r/8/1K6/8/8/8/1k6/8 w - - 112 270
0,1,540,black,h8g8,0.2900,7r/8/8/1K6/8/8/1k6/8 b - - 113 270
0,1,541,white,b5a5,0.1200,6r1/8/8/1K6/8/8/1k6/8 w - - 114 271
0,1,542,black,g8f8,0.0200,6r1/8/8/K7/8/8/1k6/8 b - - 115 271
0,1,543,white,a5b5,0.2000,5r2/8/8/K7/8/8/1k6/8 w - - 116 272
0,1,544,black,f8d8,0.0300,5r2/8/8/1K6/8/8/1k6/8 b - - 117 272
0,1,545,white,b5c5,0.1200,3r4/8/8/1K6/8/8/1k6/8 w - - 118 273
0,1,546,black,b2c2,0.0400,3r4/8/8/2K5/8/8/1k6/8 b - - 119 273
0,1,547,white,c5c6,0.2000,3r4/8/8/2K5/8/8/2k5/8 w - - 120 274
0,1,548,black,c2b2,0.0200,3r4/8/2K5/8/8/8/2k5/8 b - - 121 274
0,1,549,white,c6b6,0.2000,3r4/8/2K5/8/8/8/1k6/8 w - - 122 275
0,1,550,black,d8h8,0.3000,3r4/8/1K6/8/8/8/1k6/8 b - - 123 275
0,1,551,white,b6b5,0.1300,7r/8/1K6/8/8/8/1k6/8 w - - 124 276
0,1,552,black,h8e8,0.0300,7r/8/8/1K6/8/8/1k6/8 b - - 125 276
0,1,553,white,b5c4,0.1300,4r3/8/8/1K6/8/8/1k6/8 w - - 126 277
0,1,554,black,e8f8,0.0400,4r3/8/8/8/2K5/8/1k6/8 b - - 127 277
0,1,555,white,c4d5,0.1700,5r2/8/8/8/2K5/8/1k6/8 w - - 128 278
0,1,556,black,f8c8,0.0200,5r2/8/8/3K4/8/8/1k6/8 b - - 129 278
0,1,557,white,d5e4,0.2000,2r5/8/8/3K4/8/8/1k6/8 w - - 130 279
0,1,558,black,c8c3,0.0300,2r5/8/8/8/4K3/8/1k6/8 b - - 131 279
0,1,559,white,e4d5,0.2100,8/8/8/8/4K3/2r5/1k6/8 w - - 132 280
0,1,560,black,c3h3,0.0400,8/8/8/3K4/8/2r5/1k6/8 b - - 133 280
0,1,561,white,d5d6,0.1200,8/8/8/3K4/8/7r/1k6/8 w - - 134 281
0,1,562,black,h3h5,0.0300,8/8/3K4/8/8/7r/1k6/8 b - - 135 281
0,1,563,white,d6e6,0.2000,8/8/3K4/7r/8/8/1k6/8 w - - 136 282
0,1,564,black,h5h8,0.3000,8/8/4K3/7r/8/8/1k6/8 b - - 137 282
0,1,565,white,e6f5,0.1300,7r/8/4K3/8/8/8/1k6/8 w - - 138 283
0,1,566,black,b2c2,0.0500,7r/8/8/5K2/8/8/1k6/8 b - - 139 283
0,1,567,white,f5g6,0.1200,7r/8/8/5K2/8/8/2k5/8 w - - 140 284
0,1,568,black,h8g8,0.2900,7r/8/6K1/8/8/8/2k5/8 b - - 141 284
0,1,569,white,g6h6,0.1700,6r1/8/6K1/8/8/8/2k5/8 w - - 142 285
0,1,570,black,g8g4,0.0300,6r1/8/7K/8/8/8/2k5/8 b - - 143 285
0,1,571,white,h6h7,0.5100,8/8/7K/8/6r1/8/2k5/8 w - - 144 286
0,1,572,black,g4c4,0.0300,8/7K/8/8/6r1/8/2k5/8 b - - 145 286
0,1,573,white,h7h6,0.2000,8/7K/8/8/2r5/8/2k5/8 w - - 146 287
0,1,574,black,c4c8,0.2500,8/8/7K/8/2r5/8/2k5/8 b - - 147 287
0,1,575,white,h6h7,0.2000,2r5/8/7K/8/8/8/2k5/8 w - - 148 288
0,1,576,black,c8h8,0.2500,2r5/7K/8/8/8/8/2k5/8 b - - 149 288
0,2,1,white,h2h4,0.0400,rnbqkbnr/pppppppp/8/8/8/8/PPPPPPPP/RNBQKBNR w KQkq - 0 1
0,2,2,black,d7d5,0.0400,rnbqkbnr/pppppppp/8/8/7P/8/PPPPPPP1/RNBQKBNR b KQkq - 0 1
0,2,3,white,h1h3,0.2700,rnbqkbnr/ppp1pppp/8/3p4/7P/8/PPPPPPP1/RNBQKBNR w KQkq - 0 2
0,2,4,black,g7g5,0.0400,rnbqkbnr/ppp1pppp/8/3p4/7P/7R/PPPPPPP1/RNBQKBN1 b Qkq - 1 2
0,2,5,white,h4g5,0.0500,rnbqkbnr/ppp1pp1p/8/3p2p1/7P/7R/PPPPPPP1/RNBQKBN1 w Qkq - 0 3
0,2,6,black,g8h6,0.4600,rnbqkbnr/ppp1pp1p/8/3p2P1/8/7R/PPPPPPP1/RNBQKBN1 b Qkq - 0 3
0,2,7,white,h3h6,0.5500,rnbqkb1r/ppp1pp1p/7n/3p2P1/8/7R/PPPPPPP1/RNBQKBN1 w Qkq - 1 4
0,2,8,black,h8g8,0.3700,rnbqkb1r/ppp1pp1p/7R/3p2P1/8/8/PPPPPPP1/RNBQKBN1 b Qkq - 0 4
0,2,9,white,f2f3,0.0700,rnbqkbr1/ppp1pp1p/7R/3p2P1/8/8/PPPPPPP1/RNBQKBN1 w Qq - 1 5
0,2,10,black,g8h8,0.4600,rnbqkbr1/ppp1pp1p/7R/3p2P1/8/5P2/PPPPP1P1/RNBQKBN1 b Qq - 0 5
0,2,11,white,h6h7,0.5600,rnbqkb1r/ppp1pp1p/7R/3p2P1/8/5P2/PPPPP1P1/RNBQKBN1 w Qq - 1 6
0,2,12,black,a7a6,0.0600,rnbqkb1r/ppp1pp1R/8/3p2P1/8/5P2/PPPPP1P1/RNBQKBN1 b Qq - 0 6
0,2,13,white,h7h8,0.4300,rnbqkb1r/1pp1pp1R/p7/3p2P1/8/5P2/PPPPP1P1/RNBQKBN1 w Qq - 0 7
0,2,14,black,b7b6,0.0300,rnbqkb1R/1pp1pp2/p7/3p2P1/8/5P2/PPPPP1P1/RNBQKBN1 b Qq - 0 7
0,2,15,white,h8g8,0.4300,rnbqkb1R/2p1pp2/pp6/3p2P1/8/5P2/PPPPP1P1/RNBQKBN1 w Qq - 0 8
0,2,16,black,c8g4,0.0700,rnbqkbR1/2p1pp2/pp6/3p2P1/8/5P2/PPPPP1P1/RNBQKBN1 b Qq - 1 8
0,2,17,white,g2g3,0.0300,rn1qkbR1/2p1pp2/pp6/3p2P1/6b1/5P2/PPPPP1P1/RNBQKBN1 w Qq - 2 9
0,2,18,black,f7f5,0.0400,rn1qkbR1/2p1pp2/pp6/3p2P1/6b1/5PP1/PPPPP3/RNBQKBN1 b Qq - 0 9
0,2,19,white,g8h8,0.3300,rn1qkbR1/2p1p3/pp6/3p1pP1/6b1/5PP1/PPPPP3/RNBQKBN1 w Qq f6 0 10
0,2,20,black,d8d7,0.0400,rn1qkb1R/2p1p3/pp6/3p1pP1/6b1/5PP1/PPPPP3/RNBQKBN1 b Qq - 1 10
0,2,21,white,h8h2,0.1100,rn2kb1R/2pqp3/pp6/3p1pP1/6b1/5PP1/PPPPP3/RNBQKBN1 w Qq - 2 11
0,2,22,black,a8a7,0.0200,rn2kb2/2pqp3/pp6/3p1pP1/6b1/5PP1/PPPPP2R/RNBQKBN1 b Qq - 3 11
0,2,23,white,b1c3,0.0300,1n2kb2/r1pqp3/pp6/3p1pP1/6b1/5PP1/PPPPP2R/RNBQKBN1 w Q - 4 12
0,2,24,black,e7e6,0.0400,1n2kb2/r1pqp3/pp6/3p1pP1/6b1/2N2PP1/PPPPP2R/R1BQKBN1 b Q - 5 12
0,2,25,white,c3d5,0.5100,1n2kb2/r1pq4/pp2p3/3p1pP1/6b1/2N2PP1/PPPPP2R/R1BQKBN1 w Q - 0 13
0,2,26,black,e8d8,0.1100,1n2kb2/r1pq4/pp2p3/3N1pP1/6b1/5PP1/PPPPP2R/R1BQKBN1 b Q - 0 13
0,2,27,white,d5e7,0.6900,1n1k1b2/r1pq4/pp2p3/3N1pP1/6b1/5PP1/PPPPP2R/R1BQKBN1 w Q - 1 14
0,2,28,black,d7c6,0.0400,1n1k1b2/r1pqN3/pp2p3/5pP1/6b1/5PP1/PPPPP2R/R1BQKBN1 b Q - 2 14
0,2,29,white,e7g8,0.6300,1n1k1b2/r1p1N3/ppq1p3/5pP1/6b1/5PP1/PPPPP2R/R1BQKBN1 w Q - 3 15
0,2,30,black,e6e5,0.0600,1n1k1bN1/r1p5/ppq1p3/5pP1/6b1/5PP1/PPPPP2R/R1BQKBN1 b Q - 4 15
0,2,31,white,g8e7,0.5200,1n1k1bN1/r1p5/ppq5/4ppP1/6b1/5PP1/PPPPP2R/R1BQKBN1 w Q - 0 16
0,2,32,black,f8g7,0.6600,1n1k1b2/r1p1N3/ppq5/4ppP1/6b1/5PP1/PPPPP2R/R1BQKBN1 b Q - 1 16
0,2,33,white,a2a4,0.0800,1n1k4/r1p1N1b1/ppq5/4ppP1/6b1/5PP1/PPPPP2R/R1BQKBN1 w Q - 2 17
0,2,34,black,d8e8,0.7000,1n1k4/r1p1N1b1/ppq5/4ppP1/P5b1/5PP1/1PPPP2R/R1BQKBN1 b Q - 0 17
0,2,35,white,e7g8,0.6600,1n2k3/r1p1N1b1/ppq5/4ppP1/P5b1/5PP1/1PPPP2R/R1BQKBN1 w Q - 1 18
0,2,36,black,e8f8,0.6900,1n2k1N1/r1p3b1/ppq5/4ppP1/P5b1/5PP1/1PPPP2R/R1BQKBN1 b Q - 2 18
0,2,37,white,h2h4,0.1200,1n3kN1/r1p3b1/ppq5/4ppP1/P5b1/5PP1/1PPPP2R/R1BQKBN1 w Q - 3 19
0,2,38,black,f8g8,0.6600,1n3kN1/r1p3b1/ppq5/4ppP1/P5bR/5PP1/1PPPP3/R1BQKBN1 b Q - 4 19
0,2,39,white,d2d4,0.0300,1n4k1/r1p3b1/ppq5/4ppP1/P5bR/5PP1/1PPPP3/R1BQKBN1 w Q - 0 20
0,2,40,black,g8f8,0.7000,1n4k1/r1p3b1/ppq5/4ppP1/P2P2bR/5PP1/1PP1P3/R1BQKBN1 b Q - 0 20
0,2,41,white,h4h8,0.6300,1n3k2/r1p3b1/ppq5/4ppP1/P2P2bR/5PP1/1PP1P3/R1BQKBN1 w Q - 1 21
0,2,42,black,g7h8,0.3300,1n3k1R/r1p3b1/ppq5/4ppP1/P2P2b1/5PP1/1PP1P3/R1BQKBN1 b Q - 2 21
0,2,43,white,g1h3,0.3700,1n3k1b/r1p5/ppq5/4ppP1/P2P2b1/5PP1/1PP1P3/R1BQKBN1 w Q - 0 22
0,2,44,black,h8g7,0.7300,1n3k1b/r1p5/ppq5/4ppP1/P2P2b1/5PPN/1PP1P3/R1BQKB2 b Q - 1 22
0,2,45,white,a1a3,0.0300,1n3k2/r1p3b1/ppq5/4ppP1/P2P2b1/5PPN/1PP1P3/R1BQKB2 w Q - 2 23
0,2,46,black,b6b5,0.0800,1n3k2/r1p3b1/ppq5/4ppP1/P2P2b1/R4PPN/1PP1P3/2BQKB2 b - - 3 23
0,2,47,white,h3f4,0.5200,1n3k2/r1p3b1/p1q5/1p2ppP1/P2P2b1/R4PPN/1PP1P3/2BQKB2 w - - 0 24
0,2,48,black,f8g8,0.7400,1n3k2/r1p3b1/p1q5/1p2ppP1/P2P1Nb1/R4PP1/1PP1P3/2BQKB2 b - - 1 24
0,2,49,white,f4g6,0.6300,1n4k1/r1p3b1/p1q5/1p2ppP1/P2P1Nb1/R4PP1/1PP1P3/2BQKB2 w - - 2 25
0,2,50,black,c6b6,0.0600,1n4k1/r1p3b1/p1q3N1/1p2ppP1/P2P2b1/R4PP1/1PP1P3/2BQKB2 b - - 3 25
0,2,51,white,g6h8,0.6200,1n4k1/r1p3b1/pq4N1/1p2ppP1/P2P2b1/R4PP1/1PP1P3/2BQKB2 w - - 4 26
0,2,52,black,g8h8,0.5900,1n4kN/r1p3b1/pq6/1p2ppP1/P2P2b1/R4PP1/1PP1P3/2BQKB2 b - - 5 26
0,2,53,white,f1g2,0.1000,1n5k/r1p3b1/pq6/1p2ppP1/P2P2b1/R4PP1/1PP1P3/2BQKB2 w - - 0 27
0,2,54,black,h8g8,0.5100,1n5k/r1p3b1/pq6/1p2ppP1/P2P2b1/R4PP1/1PP1P1B1/2BQK3 b - - 1 27
0,2,55,white,a3e3,0.5200,1n4k1/r1p3b1/pq6/1p2ppP1/P2P2b1/R4PP1/1PP1P1B1/2BQK3 w - - 2 28
0,2,56,black,b6c5,0.0500,1n4k1/r1p3b1/pq6/1p2ppP1/P2P2b1/4RPP1/1PP1P1B1/2BQK3 b - - 3 28
0,2,57,white,g2h1,0.0900,1n4k1/r1p3b1/p7/1pq1ppP1/P2P2b1/4RPP1/1PP1P1B1/2BQK3 w - - 4 29
0,2,58,black,g8h8,0.6700,1n4k1/r1p3b1/p7/1pq1ppP1/P2P2b1/4RPP1/1PP1P3/2BQK2B b - - 5 29
0,2,59,white,d1d3,0.0400,1n5k/r1p3b1/p7/1pq1ppP1/P2P2b1/4RPP1/1PP1P3/2BQK2B w - - 6 30
0,2,60,black,a7a8,0.1100,1n5k/r1p3b1/p7/1pq1ppP1/P2P2b1/3QRPP1/1PP1P3/2B1K2B b - - 7 30
0,2,61,white,e3e5,0.5000,rn5k/2p3b1/p7/1pq1ppP1/P2P2b1/3QRPP1/1PP1P3/2B1K2B w - - 8 31
0,2,62,black,g7f6,0.0700,rn5k/2p3b1/p7/1pq1RpP1/P2P2b1/3Q1PP1/1PP1P3/2B1K2B b - - 0 31
0,2,63,white,e5e8,0.9200,rn5k/2p5/p4b2/1pq1RpP1/P2P2b1/3Q1PP1/1PP1P3/2B1K2B w - - 1 32
0,2,64,black,h8g7,0.3300,rn2R2k/2p5/p4b2/1pq2pP1/P2P2b1/3Q1PP1/1PP1P3/2B1K2B b - - 2 32
0,2,65,white,e8h8,1.0000,rn2R3/2p3k1/p4b2/1pq2pP1/P2P2b1/3Q1PP1/1PP1P3/2B1K2B w - - 3 33
0,2,66,black,f6e7,0.1100,rn5R/2p3k1/p4b2/1pq2pP1/P2P2b1/3Q1PP1/1PP1P3/2B1K2B b - - 4 33
0,2,67,white,h8g8,1.0000,rn5R/2p1b1k1/p7/1pq2pP1/P2P2b1/3Q1PP1/1PP1P3/2B1K2B w - - 5 34
0,2,68,black,g7h7,0.3300,rn4R1/2p1b1k1/p7/1pq2pP1/P2P2b1/3Q1PP1/1PP1P3/2B1K2B b - - 6 34
0,2,69,white,g8g6,0.1300,rn4R1/2p1b2k/p7/1pq2pP1/P2P2b1/3Q1PP1/1PP1P3/2B1K2B w - - 7 35
0,2,70,black,b8d7,0.5200,rn6/2p1b2k/p5R1/1pq2pP1/P2P2b1/3Q1PP1/1PP1P3/2B1K2B b - - 8 35
0,2,71,white,g6g8,0.8600,r7/2pnb2k/p5R1/1pq2pP1/P2P2b1/3Q1PP1/1PP1P3/2B1K2B w - - 9 36
0,2,72,black,a8g8,0.7800,r5R1/2pnb2k/p7/1pq2pP1/P2P2b1/3Q1PP1/1PP1P3/2B1K2B b - - 10 36
0,2,73,white,d3f5,0.5500,6r1/2pnb2k/p7/1pq2pP1/P2P2b1/3Q1PP1/1PP1P3/2B1K2B w - - 0 37
0,2,74,black,c5f5,0.2000,6r1/2pnb2k/p7/1pq2QP1/P2P2b1/5PP1/1PP1P3/2B1K2B b - - 0 37
0,2,75,white,c1e3,0.0400,6r1/2pnb2k/p7/1p3qP1/P2P2b1/5PP1/1PP1P3/2B1K2B w - - 0 38
0,2,76,black,g8h8,1.0000,6r1/2pnb2k/p7/1p3qP1/P2P2b1/4BPP1/1PP1P3/4K2B b - - 1 38
0,2,77,white,e1f2,0.0400,7r/2pnb2k/p7/1p3qP1/P2P2b1/4BPP1/1PP1P3/4K2B w - - 2 39
0,2,78,black,h8g8,1.0000,7r/2pnb2k/p7/1p3qP1/P2P2b1/4BPP1/1PP1PK2/7B b - - 3 39
0,2,79,white,h1g2,0.0600,6r1/2pnb2k/p7/1p3qP1/P2P2b1/4BPP1/1PP1PK2/7B w - - 4 40
0,2,80,black,g8h8,1.0000,6r1/2pnb2k/p7/1p3qP1/P2P2b1/4BPP1/1PP1PKB1/8 b - - 5 40
0,2,81,white,c2c3,0.0500,7r/2pnb2k/p7/1p3qP1/P2P2b1/4BPP1/1PP1PKB1/8 w - - 6 41
0,2,82,black,h8g8,1.0000,7r/2pnb2k/p7/1p3qP1/P2P2b1/2P1BPP1/1P2PKB1/8 b - - 0 41
0,2,83,white,e3f4,0.1800,6r1/2pnb2k/p7/1p3qP1/P2P2b1/2P1BPP1/1P2PKB1/8 w - - 1 42
0,2,84,black,g8h8,1.0000,6r1/2pnb2k/p7/1p3qP1/P2P1Bb1/2P2PP1/1P2PKB1/8 b - - 2 42
0,2,85,white,f4c7,0.3200,7r/2pnb2k/p7/1p3qP1/P2P1Bb1/2P2PP1/1P2PKB1/8 w - - 3 43
0,2,86,black,h8g8,1.0000,7r/2Bnb2k/p7/1p3qP1/P2P2b1/2P2PP1/1P2PKB1/8 b - - 0 43
0,2,87,white,c7d8,0.3500,6r1/2Bnb2k/p7/1p3qP1/P2P2b1/2P2PP1/1P2PKB1/8 w - - 1 44
0,2,88,black,g8h8,1.0000,3B2r1/3nb2k/p7/1p3qP1/P2P2b1/2P2PP1/1P2PKB1/8 b - - 2 44
0,2,89,white,g5g6,0.0400,3B3r/3nb2k/p7/1p3qP1/P2P2b1/2P2PP1/1P2PKB1/8 w - - 3 45
0,2,90,black,h7g8,0.2000,3B3r/3nb2k/p5P1/1p3q2/P2P2b1/2P2PP1/1P2PKB1/8 b - - 0 45
0,2,91,white,f3f4,0.0300,3B2kr/3nb3/p5P1/1p3q2/P2P2b1/2P2PP1/1P2PKB1/8 w - - 1 46
0,2,92,black,h8h7,1.0000,3B2kr/3nb3/p5P1/1p3q2/P2P1Pb1/2P3P1/1P2PKB1/8 b - - 0 46
0,2,93,white,g2h1,0.0300,3B2k1/3nb2r/p5P1/1p3q2/P2P1Pb1/2P3P1/1P2PKB1/8 w - - 1 47
0,2,94,black,g8h8,1.0000,3B2k1/3nb2r/p5P1/1p3q2/P2P1Pb1/2P3P1/1P2PK2/7B b - - 2 47
0,2,95,white,a4b5,0.0400,3B3k/3nb2r/p5P1/1p3q2/P2P1Pb1/2P3P1/1P2PK2/7B w - - 3 48
0,2,96,black,h8g8,1.0000,3B3k/3nb2r/p5P1/1P3q2/3P1Pb1/2P3P1/1P2PK2/7B b - - 0 48
0,2,97,white,d4d5,0.0600,3B2k1/3nb2r/p5P1/1P3q2/3P1Pb1/2P3P1/1P2PK2/7B w - - 1 49
0,2,98,black,g8h8,1.0000,3B2k1/3nb2r/p5P1/1P1P1q2/5Pb1/2P3P1/1P2PK2/7B b - - 0 49
0,2,99,white,d8e7,0.3000,3B3k/3nb2r/p5P1/1P1P1q2/5Pb1/2P3P1/1P2PK2/7B w - - 1 50
0,2,100,black,h8g8,0.7800,7k/3nB2r/p5P1/1P1P1q2/5Pb1/2P3P1/1P2PK2/7B b - - 0 50
0,2,101,white,e7f8,0.4400,6k1/3nB2r/p5P1/1P1P1q2/5Pb1/2P3P1/1P2PK2/7B w - - 1 51
0,2,102,black,h7h5,0.0500,5Bk1/3n3r/p5P1/1P1P1q2/5Pb1/2P3P1/1P2PK2/7B b - - 2 51
0,2,103,white,e2e4,0.0300,5Bk1/3n4/p5P1/1P1P1q1r/5Pb1/2P3P1/1P2PK2/7B w - - 3 52
0,2,104,black,g8h8,0.6000,5Bk1/3n4/p5P1/1P1P1q1r/4PPb1/2P3P1/1P3K2/7B b - - 0 52
0,2,105,white,d5d6,0.0400,5B1k/3n4/p5P1/1P1P1q1r/4PPb1/2P3P1/1P3K2/7B w - - 1 53
0,2,106,black,h8g8,0.6100,5B1k/3n4/p2P2P1/1P3q1r/4PPb1/2P3P1/1P3K2/7B b - - 0 53
0,2,107,white,f8h6,0.0400,5Bk1/3n4/p2P2P1/1P3q1r/4PPb1/2P3P1/1P3K2/7B w - - 1 54
0,2,108,black,g8h8,0.5700,6k1/3n4/p2P2PB/1P3q1r/4PPb1/2P3P1/1P3K2/7B b - - 2 54
0,2,109,white,h6f8,0.2100,7k/3n4/p2P2PB/1P3q1r/4PPb1/2P3P1/1P3K2/7B w - - 3 55
0,2,110,black,h8g8,0.6100,5B1k/3n4/p2P2P1/1P3q1r/4PPb1/2P3P1/1P3K2/7B b - - 4 55
0,2,111,white,e4e5,0.0500,5Bk1/3n4/p2P2P1/1P3q1r/4PPb1/2P3P1/1P3K2/7B w - - 5 56
0,2,112,black,g8h8,0.6500,5Bk1/3n4/p2P2P1/1P2Pq1r/5Pb1/2P3P1/1P3K2/7B b - - 0 56
0,2,113,white,g6g7,0.0300,5B1k/3n4/p2P2P1/1P2Pq1r/5Pb1/2P3P1/1P3K2/7B w - - 1 57
0,2,114,black,h8g8,0.5000,5B1k/3n2P1/p2P4/1P2Pq1r/5Pb1/2P3P1/1P3K2/7B b - - 0 57
0,2,115,white,f2g2,0.0400,5Bk1/3n2P1/p2P4/1P2Pq1r/5Pb1/2P3P1/1P3K2/7B w - - 1 58
0,2,116,black,g4d1,0.1200,5Bk1/3n2P1/p2P4/1P2Pq1r/5Pb1/2P3P1/1P4K1/7B b - - 2 58
0,2,117,white,g3g4,0.1000,5Bk1/3n2P1/p2P4/1P2Pq1r/5P2/2P3P1/1P4K1/3b3B w - - 3 59
0,2,118,black,g8h7,0.8200,5Bk1/3n2P1/p2P4/1P2Pq1r/5PP1/2P5/1P4K1/3b3B b - - 0 59
0,2,119,white,g4g5,0.0400,5B2/3n2Pk/p2P4/1P2Pq1r/5PP1/2P5/1P4K1/3b3B w - - 1 60
0,2,120,black,h7g8,0.7400,5B2/3n2Pk/p2P4/1P2PqPr/5P2/2P5/1P4K1/3b3B b - - 0 60
0,2,121,white,b5a6,0.0800,5Bk1/3n2P1/p2P4/1P2PqPr/5P2/2P5/1P4K1/3b3B w - - 1 61
0,2,122,black,g8h7,0.7700,5Bk1/3n2P1/P2P4/4PqPr/5P2/2P5/1P4K1/3b3B b - - 0 61
0,2,123,white,g2f2,0.0600,5B2/3n2Pk/P2P4/4PqPr/5P2/2P5/1P4K1/3b3B w - - 1 62
0,2,124,black,h7g8,0.6600,5B2/3n2Pk/P2P4/4PqPr/5P2/2P5/1P3K2/3b3B b - - 2 62
0,2,125,white,b2b4,0.0400,5Bk1/3n2P1/P2P4/4PqPr/5P2/2P5/1P3K2/3b3B w - - 3 63
0,2,126,black,d1a4,0.1400,5Bk1/3n2P1/P2P4/4PqPr/1P3P2/2P5/5K2/3b3B b - - 0 63
0,2,127,white,b4b5,0.0500,5Bk1/3n2P1/P2P4/4PqPr/bP3P2/2P5/5K2/7B w - - 1 64
0,2,128,black,g8h7,0.6900,5Bk1/3n2P1/P2P4/1P2PqPr/b4P2/2P5/5K2/7B b - - 0 64
0,2,129,white,f8e7,0.3800,5B2/3n2Pk/P2P4/1P2PqPr/b4P2/2P5/5K2/7B w - - 1 65
0,2,130,black,a4d1,0.1100,8/3nB1Pk/P2P4/1P2PqPr/b4P2/2P5/5K2/7B b - - 2 65
0,2,131,white,g7g8n,0.0500,8/3nB1Pk/P2P4/1P2PqPr/5P2/2P5/5K2/3b3B w - - 3 66
0,2,132,black,h7h8,0.7400,6N1/3nB2k/P2P4/1P2PqPr/5P2/2P5/5K2/3b3B b - - 0 66
0,2,133,white,h1e4,0.0200,6Nk/3nB3/P2P4/1P2PqPr/5P2/2P5/5K2/3b3B w - - 1 67
0,2,134,black,h8g8,0.6600,6Nk/3nB3/P2P4/1P2PqPr/4BP2/2P5/5K2/3b4 b - - 2 67
0,2,135,white,e4h1,0.0500,6k1/3nB3/P2P4/1P2PqPr/4BP2/2P5/5K2/3b4 w - - 0 68
0,2,136,black,g8h8,0.8600,6k1/3nB3/P2P4/1P2PqPr/5P2/2P5/5K2/3b3B b - - 1 68
0,2,137,white,e7f8,0.2700,7k/3nB3/P2P4/1P2PqPr/5P2/2P5/5K2/3b3B w - - 2 69
0,2,138,black,h8g8,0.7300,5B1k/3n4/P2P4/1P2PqPr/5P2/2P5/5K2/3b3B b - - 3 69
0,2,139,white,f8g7,0.2800,5Bk1/3n4/P2P4/1P2PqPr/5P2/2P5/5K2/3b3B w - - 4 70
0,2,140,black,g8h7,0.8100,6k1/3n2B1/P2P4/1P2PqPr/5P2/2P5/5K2/3b3B b - - 5 70
0,2,141,white,h1e4,0.0300,8/3n2Bk/P2P4/1P2PqPr/5P2/2P5/5K2/3b3B w - - 6 71
0,2,142,black,d7b6,0.0300,8/3n2Bk/P2P4/1P2PqPr/4BP2/2P5/5K2/3b4 b - - 7 71
0,2,143,white,a6a7,0.0300,8/6Bk/Pn1P4/1P2PqPr/4BP2/2P5/5K2/3b4 w - - 8 72
0,2,144,black,h7g8,0.3300,8/P5Bk/1n1P4/1P2PqPr/4BP2/2P5/5K2/3b4 b - - 0 72
0,2,145,white,e4f5,0.0700,6k1/P5B1/1n1P4/1P2PqPr/4BP2/2P5/5K2/3b4 w - - 1 73
0,2,146,black,d1f3,0.0300,6k1/P5B1/1n1P4/1P2PBPr/5P2/2P5/5K2/3b4 b - - 0 73
0,2,147,white,g7h8,0.5000,6k1/P5B1/1n1P4/1P2PBPr/5P2/2P2b2/5K2/8 w - - 1 74
0,2,148,black,b6d7,0.0300,6kB/P7/1n1P4/1P2PBPr/5P2/2P2b2/5K2/8 b - - 2 74
0,2,149,white,a7a8r,0.0500,6kB/P2n4/3P4/1P2PBPr/5P2/2P2b2/5K2/8 w - - 3 75
0,2,150,black,d7b8,0.2500,R5kB/3n4/3P4/1P2PBPr/5P2/2P2b2/5K2/8 b - - 0 75
0,2,151,white,h8g7,0.6100,Rn4kB/8/3P4/1P2PBPr/5P2/2P2b2/5K2/8 w - - 1 76
0,2,152,black,g8g7,0.2500,Rn4k1/6B1/3P4/1P2PBPr/5P2/2P2b2/5K2/8 b - - 2 76
0,2,153,white,a8b8,0.5400,Rn6/6k1/3P4/1P2PBPr/5P2/2P2b2/5K2/8 w - - 0 77
0,2,154,black,f3g2,0.0400,1R6/6k1/3P4/1P2PBPr/5P2/2P2b2/5K2/8 b - - 0 77
0,2,155,white,f5d3,0.0500,1R6/6k1/3P4/1P2PBPr/5P2/2P5/5Kb1/8 w - - 1 78
0,2,156,black,h5h8,0.0400,1R6/6k1/3P4/1P2P1Pr/5P2/2PB4/5Kb1/8 b - - 2 78
0,2,157,white,b8h8,0.5300,1R5r/6k1/3P4/1P2P1P1/5P2/2PB4/5Kb1/8 w - - 3 79
0,2,158,black,g2h1,0.0900,7R/6k1/3P4/1P2P1P1/5P2/2PB4/5Kb1/8 b - - 0 79
0,2,159,white,h8g8,0.7000,7R/6k1/3P4/1P2P1P1/5P2/2PB4/5K2/7b w - - 1 80
0,2,160,black,g7g8,0.5000,6R1/6k1/3P4/1P2P1P1/5P2/2PB4/5K2/7b b - - 2 80
0,2,161,white,f2e3,0.0300,6k1/8/3P4/1P2P1P1/5P2/2PB4/5K2/7b w - - 0 81
0,2,162,black,g8g7,0.0900,6k1/8/3P4/1P2P1P1/5P2/2PBK3/8/7b b - - 1 81
0,2,163,white,e3d4,0.2300,8/6k1/3P4/1P2P1P1/5P2/2PBK3/8/7b w - - 2 82
0,2,164,black,g7g8,0.0900,8/6k1/3P4/1P2P1P1/3K1P2/2PB4/8/7b b - - 3 82
0,2,165,white,d4c5,0.2100,6k1/8/3P4/1P2P1P1/3K1P2/2PB4/8/7b w - - 4 83
0,2,166,black,g8f7,0.0900,6k1/8/3P4/1PK1P1P1/5P2/2PB4/8/7b b - - 5 83
0,2,167,white,c5d4,0.0400,8/5k2/3P4/1PK1P1P1/5P2/2PB4/8/7b w - - 6 84
0,2,168,black,h1d5,0.0800,8/5k2/3P4/1P2P1P1/3K1P2/2PB4/8/7b b - - 7 84
0,2,169,white,d3e4,0.0400,8/5k2/3P4/1P1bP1P1/3K1P2/2PB4/8/8 w - - 8 85
0,2,170,black,d5e6,0.0800,8/5k2/3P4/1P1bP1P1/3KBP2/2P5/8/8 b - - 9 85
0,2,171,white,e4h7,0.0300,8/5k2/3Pb3/1P2P1P1/3KBP2/2P5/8/8 w - - 10 86
0,2,172,black,e6c4,0.0800,8/5k1B/3Pb3/1P2P1P1/3K1P2/2P5/8/8 b - - 11 86
0,2,173,white,h7g8,0.1700,8/5k1B/3P4/1P2P1P1/2bK1P2/2P5/8/8 w - - 12 87
0,2,174,black,f7e8,0.2000,6B1/5k2/3P4/1P2P1P1/2bK1P2/2P5/8/8 b - - 13 87
0,2,175,white,d4e4,0.0700,4k1B1/8/3P4/1P2P1P1/2bK1P2/2P5/8/8 w - - 14 88
0,2,176,black,c4e2,0.0700,4k1B1/8/3P4/1P2P1P1/2b1KP2/2P5/8/8 b - - 15 88
0,2,177,white,g5g6,0.0500,4k1B1/8/3P4/1P2P1P1/4KP2/2P5/4b3/8 w - - 16 89
0,2,178,black,e8d8,0.0900,4k1B1/8/3P2P1/1P2P3/4KP2/2P5/4b3/8 b - - 0 89
0,2,179,white,e4d5,0.0500,3k2B1/8/3P2P1/1P2P3/4KP2/2P5/4b3/8 w - - 1 90
0,2,180,black,e2g4,0.0900,3k2B1/8/3P2P1/1P1KP3/5P2/2P5/4b3/8 b - - 2 90
0,2,181,white,g6g7,0.0600,3k2B1/8/3P2P1/1P1KP3/5Pb1/2P5/8/8 w - - 3 91
0,2,182,black,g4f5,0.0900,3k2B1/6P1/3P4/1P1KP3/5Pb1/2P5/8/8 b - - 0 91
0,2,183,white,g8h7,0.0900,3k2B1/6P1/3P4/1P1KPb2/5P2/2P5/8/8 w - - 1 92
0,2,184,black,f5g6,0.0700,3k4/6PB/3P4/1P1KPb2/5P2/2P5/8/8 b - - 2 92
0,2,185,white,g7g8n,0.0600,3k4/6PB/3P2b1/1P1KP3/5P2/2P5/8/8 w - - 3 93
0,2,186,black,g6h5,0.0800,3k2N1/7B/3P2b1/1P1KP3/5P2/2P5/8/8 b - - 0 93
0,2,187,white,h7b1,0.0400,3k2N1/7B/3P4/1P1KP2b/5P2/2P5/8/8 w - - 1 94
0,2,188,black,h5d1,0.1000,3k2N1/8/3P4/1P1KP2b/5P2/2P5/8/1B6 b - - 2 94
0,2,189,white,e5e6,0.0400,3k2N1/8/3P4/1P1KP3/5P2/2P5/8/1B1b4 w - - 3 95
0,2,190,black,d1e2,0.1200,3k2N1/8/3PP3/1P1K4/5P2/2P5/8/1B1b4 b - - 0 95
0,2,191,white,d6d7,0.0400,3k2N1/8/3PP3/1P1K4/5P2/2P5/4b3/1B6 w - - 1 96
0,2,192,black,e2d1,0.1100,3k2N1/3P4/4P3/1P1K4/5P2/2P5/4b3/1B6 b - - 0 96
0,2,193,white,d5c4,0.0300,3k2N1/3P4/4P3/1P1K4/5P2/2P5/8/1B1b4 w - - 1 97
0,2,194,black,d1c2,0.1300,3k2N1/3P4/4P3/1P6/2K2P2/2P5/8/1B1b4 b - - 2 97
0,2,195,white,g8f6,0.0800,3k2N1/3P4/4P3/1P6/2K2P2/2P5/2b5/1B6 w - - 3 98
0,2,196,black,c2a4,0.0900,3k4/3P4/4PN2/1P6/2K2P2/2P5/2b5/1B6 b - - 4 98
0,2,197,white,b1a2,0.0300,3k4/3P4/4PN2/1P6/b1K2P2/2P5/8/1B6 w - - 5 99
0,2,198,black,a4b3,0.1600,3k4/3P4/4PN2/1P6/b1K2P2/2P5/B7/8 b - - 6 99
0,2,199,white,c4b3,0.1600,3k4/3P4/4PN2/1P6/2K2P2/1bP5/B7/8 w - - 7 100
0,2,200,black,d8c7,0.4900,3k4/3P4/4PN2/1P6/5P2/1KP5/B7/8 b - - 0 100
0,2,201,white,f6e8,0.0300,8/2kP4/4PN2/1P6/5P2/1KP5/B7/8 w - - 1 101
0,2,202,black,c7d8,0.2500,4N3/2kP4/4P3/1P6/5P2/1KP5/B7/8 b - - 2 101
0,2,203,white,b3b4,0.0600,3kN3/3P4/4P3/1P6/5P2/1KP5/B7/8 w - - 3 102
0,2,204,black,d8e7,1.0000,3kN3/3P4/4P3/1P6/1K3P2/2P5/B7/8 b - - 4 102
0,2,205,white,b4c5,0.0300,4N3/3Pk3/4P3/1P6/1K3P2/2P5/B7/8 w - - 5 103
0,2,206,black,e7f8,0.5100,4N3/3Pk3/4P3/1PK5/5P2/2P5/B7/8 b - - 6 103
0,2,207,white,e8g7,0.3200,4Nk2/3P4/4P3/1PK5/5P2/2P5/B7/8 w - - 7 104
0,2,208,black,f8e7,0.3400,5k2/3P2N1/4P3/1PK5/5P2/2P5/B7/8 b - - 8 104
0,2,209,white,c5d5,0.0400,8/3Pk1N1/4P3/1PK5/5P2/2P5/B7/8 w - - 9 105
0,2,210,black,e7d8,0.3300,8/3Pk1N1/4P3/1P1K4/5P2/2P5/B7/8 b - - 10 105
0,2,211,white,d5d6,0.0500,3k4/3P2N1/4P3/1P1K4/5P2/2P5/B7/8 w - - 11 106
0,3,1,white,g1h3,0.2400,rnbqkbnr/pppppppp/8/8/8/8/PPPPPPPP/RNBQKBNR w KQkq - 0 1
0,3,2,black,g8h6,0.2400,rnbqkbnr/pppppppp/8/8/8/7N/PPPPPPPP/RNBQKB1R b KQkq - 1 1
0,3,3,white,a2a3,0.0400,rnbqkb1r/pppppppp/7n/8/8/7N/PPPPPPPP/RNBQKB1R w KQkq - 2 2
0,3,4,black,c7c5,0.0500,rnbqkb1r/pppppppp/7n/8/8/P6N/1PPPPPPP/RNBQKB1R b KQkq - 0 2
0,3,5,white,e2e3,0.0400,rnbqkb1r/pp1ppppp/7n/2p5/8/P6N/1PPPPPPP/RNBQKB1R w KQkq - 0 3
0,3,6,black,e7e5,0.0300,rnbqkb1r/pp1ppppp/7n/2p5/8/P3P2N/1PPP1PPP/RNBQKB1R b KQkq - 0 3
0,3,7,white,h3g5,0.4600,rnbqkb1r/pp1p1ppp/7n/2p1p3/8/P3P2N/1PPP1PPP/RNBQKB1R w KQkq - 0 4
0,3,8,black,f8d6,0.0300,rnbqkb1r/pp1p1ppp/7n/2p1p1N1/8/P3P3/1PPP1PPP/RNBQKB1R b KQkq - 1 4
0,3,9,white,a3a4,0.0100,rnbqk2r/pp1p1ppp/3b3n/2p1p1N1/8/P3P3/1PPP1PPP/RNBQKB1R w KQkq - 2 5
0,3,10,black,h8g8,0.4600,rnbqk2r/pp1p1ppp/3b3n/2p1p1N1/P7/4P3/1PPP1PPP/RNBQKB1R b KQkq - 0 5
0,3,11,white,g5h7,0.6900,rnbqk1r1/pp1p1ppp/3b3n/2p1p1N1/P7/4P3/1PPP1PPP/RNBQKB1R w KQq - 1 6
0,3,12,black,d8g5,0.0600,rnbqk1r1/pp1p1ppN/3b3n/2p1p3/P7/4P3/1PPP1PPP/RNBQKB1R b KQq - 0 6
0,3,13,white,h7f8,0.5900,rnb1k1r1/pp1p1ppN/3b3n/2p1p1q1/P7/4P3/1PPP1PPP/RNBQKB1R w KQq - 1 7
0,3,14,black,a7a5,0.1100,rnb1kNr1/pp1p1pp1/3b3n/2p1p1q1/P7/4P3/1PPP1PPP/RNBQKB1R b KQq - 2 7
0,3,15,white,f8h7,0.6000,rnb1kNr1/1p1p1pp1/3b3n/p1p1p1q1/P7/4P3/1PPP1PPP/RNBQKB1R w KQq - 0 8
0,3,16,black,g8h8,0.5900,rnb1k1r1/1p1p1ppN/3b3n/p1p1p1q1/P7/4P3/1PPP1PPP/RNBQKB1R b KQq - 1 8
0,3,17,white,h7f8,0.5600,rnb1k2r/1p1p1ppN/3b3n/p1p1p1q1/P7/4P3/1PPP1PPP/RNBQKB1R w KQq - 2 9
0,3,18,black,c5c4,0.1300,rnb1kN1r/1p1p1pp1/3b3n/p1p1p1q1/P7/4P3/1PPP1PPP/RNBQKB1R b KQq - 3 9
0,3,19,white,f8h7,0.5200,rnb1kN1r/1p1p1pp1/3b3n/p3p1q1/P1p5/4P3/1PPP1PPP/RNBQKB1R w KQq - 0 10
0,3,20,black,h8g8,0.7600,rnb1k2r/1p1p1ppN/3b3n/p3p1q1/P1p5/4P3/1PPP1PPP/RNBQKB1R b KQq - 1 10
0,3,21,white,f1d3,0.0300,rnb1k1r1/1p1p1ppN/3b3n/p3p1q1/P1p5/4P3/1PPP1PPP/RNBQKB1R w KQq - 2 11
0,3,22,black,g8h8,0.7300,rnb1k1r1/1p1p1ppN/3b3n/p3p1q1/P1p5/3BP3/1PPP1PPP/RNBQK2R b KQq - 3 11
0,3,23,white,h7f8,0.5900,rnb1k2r/1p1p1ppN/3b3n/p3p1q1/P1p5/3BP3/1PPP1PPP/RNBQK2R w KQq - 4 12
0,3,24,black,h8g8,0.8500,rnb1kN1r/1p1p1pp1/3b3n/p3p1q1/P1p5/3BP3/1PPP1PPP/RNBQK2R b KQq - 5 12
0,3,25,white,f8h7,0.6600,rnb1kNr1/1p1p1pp1/3b3n/p3p1q1/P1p5/3BP3/1PPP1PPP/RNBQK2R w KQq - 6 13
0,3,26,black,g8h8,0.7300,rnb1k1r1/1p1p1ppN/3b3n/p3p1q1/P1p5/3BP3/1PPP1PPP/RNBQK2R b KQq - 7 13
0,3,27,white,h7f8,0.5900,rnb1k2r/1p1p1ppN/3b3n/p3p1q1/P1p5/3BP3/1PPP1PPP/RNBQK2R w KQq - 8 14
0,3,28,black,h8g8,0.8500,rnb1kN1r/1p1p1pp1/3b3n/p3p1q1/P1p5/3BP3/1PPP1PPP/RNBQK2R b KQq - 9 14
0,3,29,white,f8h7,0.6500,rnb1kNr1/1p1p1pp1/3b3n/p3p1q1/P1p5/3BP3/1PPP1PPP/RNBQK2R w KQq - 10 15
0,4,1,white,e2e3,0.0700,rnbqkbnr/pppppppp/8/8/8/8/PPPPPPPP/RNBQKBNR w KQkq - 0 1
0,4,2,black,e7e5,0.0400,rnbqkbnr/pppppppp/8/8/8/4P3/PPPP1PPP/RNBQKBNR b KQkq - 0 1
0,4,3,white,g1h3,0.5300,rnbqkbnr/pppp1ppp/8/4p3/8/4P3/PPPP1PPP/RNBQKBNR w KQkq - 0 2
0,4,4,black,f7f6,0.0600,rnbqkbnr/pppp1ppp/8/4p3/8/4P2N/PPPP1PPP/RNBQKB1R b KQkq - 1 2
0,4,5,white,h3g5,0.4900,rnbqkbnr/pppp2pp/5p2/4p3/8/4P2N/PPPP1PPP/RNBQKB1R w KQkq - 0 3
0,4,6,black,g8e7,0.3800,rnbqkbnr/pppp2pp/5p2/4p1N1/8/4P3/PPPP1PPP/RNBQKB1R b KQkq - 1 3
0,4,7,white,g5h7,0.6700,rnbqkb1r/ppppn1pp/5p2/4p1N1/8/4P3/PPPP1PPP/RNBQKB1R w KQkq - 2 4
0,4,8,black,h8g8,0.2900,rnbqkb1r/ppppn1pN/5p2/4p3/8/4P3/PPPP1PPP/RNBQKB1R b KQkq - 0 4
0,4,9,white,h7f8,0.5600,rnbqkbr1/ppppn1pN/5p2/4p3/8/4P3/PPPP1PPP/RNBQKB1R w KQq - 1 5
0,4,10,black,g7g5,0.0400,rnbqkNr1/ppppn1p1/5p2/4p3/8/4P3/PPPP1PPP/RNBQKB1R b KQq - 0 5
0,4,11,white,f8h7,0.6000,rnbqkNr1/ppppn3/5p2/4p1p1/8/4P3/PPPP1PPP/RNBQKB1R w KQq - 0 6
0,4,12,black,g5g4,0.0300,rnbqk1r1/ppppn2N/5p2/4p1p1/8/4P3/PPPP1PPP/RNBQKB1R b KQq - 1 6
0,4,13,white,f1d3,0.1000,rnbqk1r1/ppppn2N/5p2/4p3/6p1/4P3/PPPP1PPP/RNBQKB1R w KQq - 0 7
0,4,14,black,b8a6,0.0800,rnbqk1r1/ppppn2N/5p2/4p3/6p1/3BP3/PPPP1PPP/RNBQK2R b KQq - 1 7
0,4,15,white,a2a4,0.1100,r1bqk1r1/ppppn2N/n4p2/4p3/6p1/3BP3/PPPP1PPP/RNBQK2R w KQq - 2 8
0,4,16,black,g8h8,0.3300,r1bqk1r1/ppppn2N/n4p2/4p3/P5p1/3BP3/1PPP1PPP/RNBQK2R b KQq - 0 8
0,4,17,white,h7f8,0.6700,r1bqk2r/ppppn2N/n4p2/4p3/P5p1/3BP3/1PPP1PPP/RNBQK2R w KQq - 1 9
0,4,18,black,c7c6,0.0500,r1bqkN1r/ppppn3/n4p2/4p3/P5p1/3BP3/1PPP1PPP/RNBQK2R b KQq - 2 9
0,4,19,white,f8h7,0.7500,r1bqkN1r/pp1pn3/n1p2p2/4p3/P5p1/3BP3/1PPP1PPP/RNBQK2R w KQq - 0 10
0,4,20,black,d7d5,0.0300,r1bqk2r/pp1pn2N/n1p2p2/4p3/P5p1/3BP3/1PPP1PPP/RNBQK2R b KQq - 1 10
0,4,21,white,h7f8,0.6700,r1bqk2r/pp2n2N/n1p2p2/3pp3/P5p1/3BP3/1PPP1PPP/RNBQK2R w KQq - 0 11
0,4,22,black,h8g8,0.6300,r1bqkN1r/pp2n3/n1p2p2/3pp3/P5p1/3BP3/1PPP1PPP/RNBQK2R b KQq - 1 11
0,4,23,white,h2h4,0.1200,r1bqkNr1/pp2n3/n1p2p2/3pp3/P5p1/3BP3/1PPP1PPP/RNBQK2R w KQq - 2 12
0,4,24,black,g8h8,0.5400,r1bqkNr1/pp2n3/n1p2p2/3pp3/P5pP/3BP3/1PPP1PP1/RNBQK2R b KQq h3 0 12
0,4,25,white,f8h7,0.7900,r1bqkN1r/pp2n3/n1p2p2/3pp3/P5pP/3BP3/1PPP1PP1/RNBQK2R w KQq - 1 13
0,4,26,black,a6c5,0.0600,r1bqk2r/pp2n2N/n1p2p2/3pp3/P5pP/3BP3/1PPP1PP1/RNBQK2R b KQq - 2 13
0,4,27,white,d3e4,0.0800,r1bqk2r/pp2n2N/2p2p2/2npp3/P5pP/3BP3/1PPP1PP1/RNBQK2R w KQq - 3 14
0,4,28,black,b7b5,0.0400,r1bqk2r/pp2n2N/2p2p2/2npp3/P3B1pP/4P3/1PPP1PP1/RNBQK2R b KQq - 4 14
0,4,29,white,h7f8,0.6700,r1bqk2r/p3n2N/2p2p2/1pnpp3/P3B1pP/4P3/1PPP1PP1/RNBQK2R w KQq - 0 15
0,4,30,black,h8g8,0.8300,r1bqkN1r/p3n3/2p2p2/1pnpp3/P3B1pP/4P3/1PPP1PP1/RNBQK2R b KQq - 1 15
0,4,31,white,f8h7,0.7500,r1bqkNr1/p3n3/2p2p2/1pnpp3/P3B1pP/4P3/1PPP1PP1/RNBQK2R w KQq - 2 16
0,4,32,black,g8h8,0.7500,r1bqk1r1/p3n2N/2p2p2/1pnpp3/P3B1pP/4P3/1PPP1PP1/RNBQK2R b KQq - 3 16
0,4,33,white,e4d3,0.0800,r1bqk2r/p3n2N/2p2p2/1pnpp3/P3B1pP/4P3/1PPP1PP1/RNBQK2R w KQq - 4 17
0,4,34,black,h8g8,0.7100,r1bqk2r/p3n2N/2p2p2/1pnpp3/P5pP/3BP3/1PPP1PP1/RNBQK2R b KQq - 5 17
0,4,35,white,h7f8,0.7200,r1bqk1r1/p3n2N/2p2p2/1pnpp3/P5pP/3BP3/1PPP1PP1/RNBQK2R w KQq - 6 18
0,4,36,black,g8h8,0.7600,r1bqkNr1/p3n3/2p2p2/1pnpp3/P5pP/3BP3/1PPP1PP1/RNBQK2R b KQq - 7 18
0,4,37,white,f8h7,0.7900,r1bqkN1r/p3n3/2p2p2/1pnpp3/P5pP/3BP3/1PPP1PP1/RNBQK2R w KQq - 8 19
0,4,38,black,h8g8,0.7100,r1bqk2r/p3n2N/2p2p2/1pnpp3/P5pP/3BP3/1PPP1PP1/RNBQK2R b KQq - 9 19
0,4,39,white,h7f8,0.7200,r1bqk1r1/p3n2N/2p2p2/1pnpp3/P5pP/3BP3/1PPP1PP1/RNBQK2R w KQq - 10 20
0,4,40,black,g8h8,0.7600,r1bqkNr1/p3n3/2p2p2/1pnpp3/P5pP/3BP3/1PPP1PP1/RNBQK2R b KQq - 11 20
0,4,41,white,f8h7,0.7900,r1bqkN1r/p3n3/2p2p2/1pnpp3/P5pP/3BP3/1PPP1PP1/RNBQK2R w KQq - 12 21
0,5,1,white,g1f3,0.0400,rnbqkbnr/pppppppp/8/8/8/8/PPPPPPPP/RNBQKBNR w KQkq - 0 1
0,5,2,black,g8h6,0.2400,rnbqkbnr/pppppppp/8/8/8/5N2/PPPPPPPP/RNBQKB1R b KQkq - 1 1
0,5,3,white,g2g4,0.0300,rnbqkb1r/pppppppp/7n/8/8/5N2/PPPPPPPP/RNBQKB1R w KQkq - 2 2
0,5,4,black,h8g8,0.2500,rnbqkb1r/pppppppp/7n/8/6P1/5N2/PPPPPP1P/RNBQKB1R b KQkq - 0 2
0,5,5,white,f3g5,0.3200,rnbqkbr1/pppppppp/7n/8/6P1/5N2/PPPPPP1P/RNBQKB1R w KQq - 1 3
0,5,6,black,g8h8,0.2000,rnbqkbr1/pppppppp/7n/6N1/6P1/8/PPPPPP1P/RNBQKB1R b KQq - 2 3
0,5,7,white,f1h3,0.0900,rnbqkb1r/pppppppp/7n/6N1/6P1/8/PPPPPP1P/RNBQKB1R w KQq - 3 4
0,5,8,black,b7b6,0.0400,rnbqkb1r/pppppppp/7n/6N1/6P1/7B/PPPPPP1P/RNBQK2R b KQq - 4 4
0,5,9,white,b2b3,0.0600,rnbqkb1r/p1pppppp/1p5n/6N1/6P1/7B/PPPPPP1P/RNBQK2R w KQq - 0 5
0,5,10,black,b8c6,0.0300,rnbqkb1r/p1pppppp/1p5n/6N1/6P1/1P5B/P1PPPP1P/RNBQK2R b KQq - 0 5
0,5,11,white,g5h7,0.4000,r1bqkb1r/p1pppppp/1pn4n/6N1/6P1/1P5B/P1PPPP1P/RNBQK2R w KQq - 1 6
0,5,12,black,c6a5,0.0300,r1bqkb1r/p1pppppN/1pn4n/8/6P1/1P5B/P1PPPP1P/RNBQK2R b KQq - 0 6
0,5,13,white,d2d3,0.0600,r1bqkb1r/p1pppppN/1p5n/n7/6P1/1P5B/P1PPPP1P/RNBQK2R w KQq - 1 7
0,5,14,black,h8g8,0.3400,r1bqkb1r/p1pppppN/1p5n/n7/6P1/1P1P3B/P1P1PP1P/RNBQK2R b KQq - 0 7
0,5,15,white,h7f8,0.5900,r1bqkbr1/p1pppppN/1p5n/n7/6P1/1P1P3B/P1P1PP1P/RNBQK2R w KQq - 1 8
0,5,16,black,g8h8,0.3400,r1bqkNr1/p1ppppp1/1p5n/n7/6P1/1P1P3B/P1P1PP1P/RNBQK2R b KQq - 0 8
0,5,17,white,f8h7,0.6200,r1bqkN1r/p1ppppp1/1p5n/n7/6P1/1P1P3B/P1P1PP1P/RNBQK2R w KQq - 1 9
0,5,18,black,h8g8,0.3700,r1bqk2r/p1pppppN/1p5n/n7/6P1/1P1P3B/P1P1PP1P/RNBQK2R b KQq - 2 9
0,5,19,white,h7f8,0.5900,r1bqk1r1/p1pppppN/1p5n/n7/6P1/1P1P3B/P1P1PP1P/RNBQK2R w KQq - 3 10
0,5,20,black,d7d5,0.0400,r1bqkNr1/p1ppppp1/1p5n/n7/6P1/1P1P3B/P1P1PP1P/RNBQK2R b KQq - 4 10
0,5,21,white,f8h7,0.6100,r1bqkNr1/p1p1ppp1/1p5n/n2p4/6P1/1P1P3B/P1P1PP1P/RNBQK2R w KQq - 0 11
0,5,22,black,c8e6,0.1000,r1bqk1r1/p1p1pppN/1p5n/n2p4/6P1/1P1P3B/P1P1PP1P/RNBQK2R b KQq - 1 11
0,5,23,white,h7f8,0.5800,r2qk1r1/p1p1pppN/1p2b2n/n2p4/6P1/1P1P3B/P1P1PP1P/RNBQK2R w KQq - 2 12
0,5,24,black,a8b8,0.0400,r2qkNr1/p1p1ppp1/1p2b2n/n2p4/6P1/1P1P3B/P1P1PP1P/RNBQK2R b KQq - 3 12
0,5,25,white,f8h7,0.6100,1r1qkNr1/p1p1ppp1/1p2b2n/n2p4/6P1/1P1P3B/P1P1PP1P/RNBQK2R w KQ - 4 13
0,5,26,black,a5c4,0.0700,1r1qk1r1/p1p1pppN/1p2b2n/n2p4/6P1/1P1P3B/P1P1PP1P/RNBQK2R b KQ - 5 13
0,5,27,white,d1d2,0.0400,1r1qk1r1/p1p1pppN/1p2b2n/3p4/2n3P1/1P1P3B/P1P1PP1P/RNBQK2R w KQ - 6 14
0,5,28,black,g8h8,0.5800,1r1qk1r1/p1p1pppN/1p2b2n/3p4/2n3P1/1P1P3B/P1PQPP1P/RNB1K2R b KQ - 7 14
0,5,29,white,h7f8,0.6500,1r1qk2r/p1p1pppN/1p2b2n/3p4/2n3P1/1P1P3B/P1PQPP1P/RNB1K2R w KQ - 8 15
0,5,30,black,h8g8,0.6500,1r1qkN1r/p1p1ppp1/1p2b2n/3p4/2n3P1/1P1P3B/P1PQPP1P/RNB1K2R b KQ - 9 15
0,5,31,white,d2g5,0.1200,1r1qkNr1/p1p1ppp1/1p2b2n/3p4/2n3P1/1P1P3B/P1PQPP1P/RNB1K2R w KQ - 10 16
0,5,32,black,g7g6,0.0500,1r1qkNr1/p1p1ppp1/1p2b2n/3p2Q1/2n3P1/1P1P3B/P1P1PP1P/RNB1K2R b KQ - 11 16
0,5,33,white,f8h7,0.9700,1r1qkNr1/p1p1pp2/1p2b1pn/3p2Q1/2n3P1/1P1P3B/P1P1PP1P/RNB1K2R w KQ - 0 17
0,5,34,black,g8h8,0.5400,1r1qk1r1/p1p1pp1N/1p2b1pn/3p2Q1/2n3P1/1P1P3B/P1P1PP1P/RNB1K2R b KQ - 1 17
0,5,35,white,h7f8,0.8900,1r1qk2r/p1p1pp1N/1p2b1pn/3p2Q1/2n3P1/1P1P3B/P1P1PP1P/RNB1K2R w KQ - 2 18
0,5,36,black,h6g4,0.0400,1r1qkN1r/p1p1pp2/1p2b1pn/3p2Q1/2n3P1/1P1P3B/P1P1PP1P/RNB1K2R b KQ - 3 18
0,5,37,white,f8h7,1.0000,1r1qkN1r/p1p1pp2/1p2b1p1/3p2Q1/2n3n1/1P1P3B/P1P1PP1P/RNB1K2R w KQ - 0 19
0,5,38,black,h8g8,0.6400,1r1qk2r/p1p1pp1N/1p2b1p1/3p2Q1/2n3n1/1P1P3B/P1P1PP1P/RNB1K2R b KQ - 1 19
0,5,39,white,h7f8,0.9700,1r1qk1r1/p1p1pp1N/1p2b1p1/3p2Q1/2n3n1/1P1P3B/P1P1PP1P/RNB1K2R w KQ - 2 20
0,5,40,black,b8c8,0.1200,1r1qkNr1/p1p1pp2/1p2b1p1/3p2Q1/2n3n1/1P1P3B/P1P1PP1P/RNB1K2R b KQ - 3 20
0,5,41,white,f8h7,1.0000,2rqkNr1/p1p1pp2/1p2b1p1/3p2Q1/2n3n1/1P1P3B/P1P1PP1P/RNB1K2R w KQ - 4 21
0,5,42,black,c4e5,0.0500,2rqk1r1/p1p1pp1N/1p2b1p1/3p2Q1/2n3n1/1P1P3B/P1P1PP1P/RNB1K2R b KQ - 5 21
0,5,43,white,h7f8,0.9300,2rqk1r1/p1p1pp1N/1p2b1p1/3pn1Q1/6n1/1P1P3B/P1P1PP1P/RNB1K2R w KQ - 6 22
0,5,44,black,g4e3,0.0700,2rqkNr1/p1p1pp2/1p2b1p1/3pn1Q1/6n1/1P1P3B/P1P1PP1P/RNB1K2R b KQ - 7 22
0,5,45,white,f8h7,0.9700,2rqkNr1/p1p1pp2/1p2b1p1/3pn1Q1/8/1P1Pn2B/P1P1PP1P/RNB1K2R w KQ - 8 23
0,5,46,black,g8h8,0.6100,2rqk1r1/p1p1pp1N/1p2b1p1/3pn1Q1/8/1P1Pn2B/P1P1PP1P/RNB1K2R b KQ - 9 23
0,5,47,white,h7f8,0.8900,2rqk2r/p1p1pp1N/1p2b1p1/3pn1Q1/8/1P1Pn2B/P1P1PP1P/RNB1K2R w KQ - 10 24
0,5,48,black,h8g8,0.7600,2rqkN1r/p1p1pp2/1p2b1p1/3pn1Q1/8/1P1Pn2B/P1P1PP1P/RNB1K2R b KQ - 11 24
0,5,49,white,f8h7,0.9700,2rqkNr1/p1p1pp2/1p2b1p1/3pn1Q1/8/1P1Pn2B/P1P1PP1P/RNB1K2R w KQ - 12 25
0,5,50,black,g8h8,0.6100,2rqk1r1/p1p1pp1N/1p2b1p1/3pn1Q1/8/1P1Pn2B/P1P1PP1P/RNB1K2R b KQ - 13 25
0,5,51,white,h7f8,0.8900,2rqk2r/p1p1pp1N/1p2b1p1/3pn1Q1/8/1P1Pn2B/P1P1PP1P/RNB1K2R w KQ - 14 26
0,5,52,black,h8g8,0.7600,2rqkN1r/p1p1pp2/1p2b1p1/3pn1Q1/8/1P1Pn2B/P1P1PP1P/RNB1K2R b KQ - 15 26
0,6,1,white,g1h3,0.2400,rnbqkbnr/pppppppp/8/8/8/8/PPPPPPPP/RNBQKBNR w KQkq - 0 1
0,6,2,black,d7d5,0.0400,rnbqkbnr/pppppppp/8/8/8/7N/PPPPPPPP/RNBQKB1R b KQkq - 1 1
0,6,3,white,h3g5,0.2400,rnbqkbnr/ppp1pppp/8/3p4/8/7N/PPPPPPPP/RNBQKB1R w KQkq - 0 2
0,6,4,black,g8h6,0.4200,rnbqkbnr/ppp1pppp/8/3p2N1/8/8/PPPPPPPP/RNBQKB1R b KQkq - 1 2
0,6,5,white,g5h7,0.3700,rnbqkb1r/ppp1pppp/7n/3p2N1/8/8/PPPPPPPP/RNBQKB1R w KQkq - 2 3
0,6,6,black,c8f5,0.1000,rnbqkb1r/ppp1pppN/7n/3p4/8/8/PPPPPPPP/RNBQKB1R b KQkq - 0 3
0,6,7,white,h7f8,0.2900,rn1qkb1r/ppp1pppN/7n/3p1b2/8/8/PPPPPPPP/RNBQKB1R w KQkq - 1 4
0,6,8,black,h8g8,0.6500,rn1qkN1r/ppp1ppp1/7n/3p1b2/8/8/PPPPPPPP/RNBQKB1R b KQkq - 0 4
0,6,9,white,f8h7,0.3200,rn1qkNr1/ppp1ppp1/7n/3p1b2/8/8/PPPPPPPP/RNBQKB1R w KQq - 1 5
0,6,10,black,g8h8,0.5900,rn1qk1r1/ppp1pppN/7n/3p1b2/8/8/PPPPPPPP/RNBQKB1R b KQq - 2 5
0,6,11,white,b2b4,0.0400,rn1qk2r/ppp1pppN/7n/3p1b2/8/8/PPPPPPPP/RNBQKB1R w KQq - 3 6
0,6,12,black,h8g8,0.6500,rn1qk2r/ppp1pppN/7n/3p1b2/1P6/8/P1PPPPPP/RNBQKB1R b KQq - 0 6
0,6,13,white,h2h3,0.0200,rn1qk1r1/ppp1pppN/7n/3p1b2/1P6/8/P1PPPPPP/RNBQKB1R w KQq - 1 7
0,6,14,black,g8h8,0.6000,rn1qk1r1/ppp1pppN/7n/3p1b2/1P6/7P/P1PPPPP1/RNBQKB1R b KQq - 0 7
0,6,15,white,g2g3,0.0300,rn1qk2r/ppp1pppN/7n/3p1b2/1P6/7P/P1PPPPP1/RNBQKB1R w KQq - 1 8
0,6,16,black,b7b5,0.1300,rn1qk2r/ppp1pppN/7n/3p1b2/1P6/6PP/P1PPPP2/RNBQKB1R b KQq - 0 8
0,6,17,white,h7f8,0.2900,rn1qk2r/p1p1pppN/7n/1p1p1b2/1P6/6PP/P1PPPP2/RNBQKB1R w KQq - 0 9
0,6,18,black,h8g8,0.5900,rn1qkN1r/p1p1ppp1/7n/1p1p1b2/1P6/6PP/P1PPPP2/RNBQKB1R b KQq - 1 9
0,6,19,white,f8h7,0.3200,rn1qkNr1/p1p1ppp1/7n/1p1p1b2/1P6/6PP/P1PPPP2/RNBQKB1R w KQq - 2 10
0,6,20,black,g8h8,0.5200,rn1qk1r1/p1p1pppN/7n/1p1p1b2/1P6/6PP/P1PPPP2/RNBQKB1R b KQq - 3 10
0,6,21,white,h1h2,0.0300,rn1qk2r/p1p1pppN/7n/1p1p1b2/1P6/6PP/P1PPPP2/RNBQKB1R w KQq - 4 11
0,6,22,black,h8g8,0.6000,rn1qk2r/p1p1pppN/7n/1p1p1b2/1P6/6PP/P1PPPP1R/RNBQKB2 b Qq - 5 11
0,6,23,white,a2a4,0.0300,rn1qk1r1/p1p1pppN/7n/1p1p1b2/1P6/6PP/P1PPPP1R/RNBQKB2 w Qq - 6 12
0,6,24,black,g8h8,0.5700,rn1qk1r1/p1p1pppN/7n/1p1p1b2/PP6/6PP/2PPPP1R/RNBQKB2 b Qq - 0 12
0,6,25,white,h7f8,0.3500,rn1qk2r/p1p1pppN/7n/1p1p1b2/PP6/6PP/2PPPP1R/RNBQKB2 w Qq - 1 13
0,6,26,black,h8g8,0.6100,rn1qkN1r/p1p1ppp1/7n/1p1p1b2/PP6/6PP/2PPPP1R/RNBQKB2 b Qq - 2 13
0,6,27,white,f8h7,0.3700,rn1qkNr1/p1p1ppp1/7n/1p1p1b2/PP6/6PP/2PPPP1R/RNBQKB2 w Qq - 3 14
0,6,28,black,c7c5,0.0200,rn1qk1r1/p1p1pppN/7n/1p1p1b2/PP6/6PP/2PPPP1R/RNBQKB2 b Qq - 4 14
0,6,29,white,a4b5,0.0200,rn1qk1r1/p3pppN/7n/1ppp1b2/PP6/6PP/2PPPP1R/RNBQKB2 w Qq - 0 15
0,6,30,black,g8h8,0.6100,rn1qk1r1/p3pppN/7n/1Ppp1b2/1P6/6PP/2PPPP1R/RNBQKB2 b Qq - 0 15
0,6,31,white,c1b2,0.0600,rn1qk2r/p3pppN/7n/1Ppp1b2/1P6/6PP/2PPPP1R/RNBQKB2 w Qq - 1 16
0,6,32,black,d8d6,0.0800,rn1qk2r/p3pppN/7n/1Ppp1b2/1P6/6PP/1BPPPP1R/RN1QKB2 b Qq - 2 16
0,6,33,white,h7f8,0.6400,rn2k2r/p3pppN/3q3n/1Ppp1b2/1P6/6PP/1BPPPP1R/RN1QKB2 w Qq - 3 17
0,6,34,black,h8g8,0.9700,rn2kN1r/p3ppp1/3q3n/1Ppp1b2/1P6/6PP/1BPPPP1R/RN1QKB2 b Qq - 4 17
0,6,35,white,a1a5,0.0700,rn2kNr1/p3ppp1/3q3n/1Ppp1b2/1P6/6PP/1BPPPP1R/RN1QKB2 w Qq - 5 18
0,6,36,black,g8h8,0.8500,rn2kNr1/p3ppp1/3q3n/RPpp1b2/1P6/6PP/1BPPPP1R/1N1QKB2 b q - 6 18
0,6,37,white,f1g2,0.0600,rn2kN1r/p3ppp1/3q3n/RPpp1b2/1P6/6PP/1BPPPP1R/1N1QKB2 w q - 7 19
0,6,38,black,h8g8,0.9300,rn2kN1r/p3ppp1/3q3n/RPpp1b2/1P6/6PP/1BPPPPBR/1N1QK3 b q - 8 19
0,6,39,white,f8h7,0.9300,rn2kNr1/p3ppp1/3q3n/RPpp1b2/1P6/6PP/1BPPPPBR/1N1QK3 w q - 9 20
0,6,40,black,g8h8,0.8500,rn2k1r1/p3pppN/3q3n/RPpp1b2/1P6/6PP/1BPPPPBR/1N1QK3 b q - 10 20
0,6,41,white,h7f8,0.8400,rn2k2r/p3pppN/3q3n/RPpp1b2/1P6/6PP/1BPPPPBR/1N1QK3 w q - 11 21
0,6,42,black,h8g8,0.9300,rn2kN1r/p3ppp1/3q3n/RPpp1b2/1P6/6PP/1BPPPPBR/1N1QK3 b q - 12 21
0,6,43,white,f8h7,0.9300,rn2kNr1/p3ppp1/3q3n/RPpp1b2/1P6/6PP/1BPPPPBR/1N1QK3 w q - 13 22
0,6,44,black,f7f6,0.1300,rn2k1r1/p3pppN/3q3n/RPpp1b2/1P6/6PP/1BPPPPBR/1N1QK3 b q - 14 22
0,6,45,white,a5a2,0.1300,rn2k1r1/p3p1pN/3q1p1n/RPpp1b2/1P6/6PP/1BPPPPBR/1N1QK3 w q - 0 23
0,6,46,black,g8h8,0.8600,rn2k1r1/p3p1pN/3q1p1n/1Ppp1b2/1P6/6PP/RBPPPPBR/1N1QK3 b q - 1 23
0,6,47,white,h7f8,0.8100,rn2k2r/p3p1pN/3q1p1n/1Ppp1b2/1P6/6PP/RBPPPPBR/1N1QK3 w q - 2 24
0,6,48,black,h8g8,0.9400,rn2kN1r/p3p1p1/3q1p1n/1Ppp1b2/1P6/6PP/RBPPPPBR/1N1QK3 b q - 3 24
0,6,49,white,g2f3,0.1100,rn2kNr1/p3p1p1/3q1p1n/1Ppp1b2/1P6/6PP/RBPPPPBR/1N1QK3 w q - 4 25
0,6,50,black,g8h8,0.8500,rn2kNr1/p3p1p1/3q1p1n/1Ppp1b2/1P6/5BPP/RBPPPP1R/1N1QK3 b q - 5 25
0,6,51,white,f8h7,0.8500,rn2kN1r/p3p1p1/3q1p1n/1Ppp1b2/1P6/5BPP/RBPPPP1R/1N1QK3 w q - 6 26
0,6,52,black,h8g8,0.9400,rn2k2r/p3p1pN/3q1p1n/1Ppp1b2/1P6/5BPP/RBPPPP1R/1N1QK3 b q - 7 26
0,6,53,white,e2e3,0.1200,rn2k1r1/p3p1pN/3q1p1n/1Ppp1b2/1P6/5BPP/RBPPPP1R/1N1QK3 w q - 8 27
0,6,54,black,g8h8,0.8600,rn2k1r1/p3p1pN/3q1p1n/1Ppp1b2/1P6/4PBPP/RBPP1P1R/1N1QK3 b q - 0 27
0,6,55,white,h7f8,0.8900,rn2k2r/p3p1pN/3q1p1n/1Ppp1b2/1P6/4PBPP/RBPP1P1R/1N1QK3 w q - 1 28
0,6,56,black,h8g8,0.9400,rn2kN1r/p3p1p1/3q1p1n/1Ppp1b2/1P6/4PBPP/RBPP1P1R/1N1QK3 b q - 2 28
0,6,57,white,f8h7,0.9500,rn2kNr1/p3p1p1/3q1p1n/1Ppp1b2/1P6/4PBPP/RBPP1P1R/1N1QK3 w q - 3 29
0,6,58,black,g8h8,0.8600,rn2k1r1/p3p1pN/3q1p1n/1Ppp1b2/1P6/4PBPP/RBPP1P1R/1N1QK3 b q - 4 29
0,6,59,white,b5b6,0.1100,rn2k2r/p3p1pN/3q1p1n/1Ppp1b2/1P6/4PBPP/RBPP1P1R/1N1QK3 w q - 5 30
0,6,60,black,h8g8,0.9500,rn2k2r/p3p1pN/1P1q1p1n/2pp1b2/1P6/4PBPP/RBPP1P1R/1N1QK3 b q - 0 30
0,6,61,white,h7f8,1.0000,rn2k1r1/p3p1pN/1P1q1p1n/2pp1b2/1P6/4PBPP/RBPP1P1R/1N1QK3 w q - 1 31
0,6,62,black,g8h8,0.8700,rn2kNr1/p3p1p1/1P1q1p1n/2pp1b2/1P6/4PBPP/RBPP1P1R/1N1QK3 b q - 2 31
0,6,63,white,f8h7,1.0000,rn2kN1r/p3p1p1/1P1q1p1n/2pp1b2/1P6/4PBPP/RBPP1P1R/1N1QK3 w q - 3 32
0,6,64,black,h8g8,0.9500,rn2k2r/p3p1pN/1P1q1p1n/2pp1b2/1P6/4PBPP/RBPP1P1R/1N1QK3 b q - 4 32
0,6,65,white,h7f8,1.0000,rn2k1r1/p3p1pN/1P1q1p1n/2pp1b2/1P6/4PBPP/RBPP1P1R/1N1QK3 w q - 5 33
0,6,66,black,g8h8,0.8700,rn2kNr1/p3p1p1/1P1q1p1n/2pp1b2/1P6/4PBPP/RBPP1P1R/1N1QK3 b q - 6 33
0,6,67,white,f8h7,1.0000,rn2kN1r/p3p1p1/1P1q1p1n/2pp1b2/1P6/4PBPP/RBPP1P1R/1N1QK3 w q - 7 34
0,7,1,white,d2d3,0.0400,rnbqkbnr/pppppppp/8/8/8/8/PPPPPPPP/RNBQKBNR w KQkq - 0 1
0,7,2,black,b7b5,0.0300,rnbqkbnr/pppppppp/8/8/8/3P4/PPP1PPPP/RNBQKBNR b KQkq - 0 1
0,7,3,white,g1h3,0.4300,rnbqkbnr/p1pppppp/8/1p6/8/3P4/PPP1PPPP/RNBQKBNR w KQkq - 0 2
0,7,4,black,g8h6,0.2600,rnbqkbnr/p1pppppp/8/1p6/8/3P3N/PPP1PPPP/RNBQKB1R b KQkq - 1 2
0,7,5,white,f2f4,0.0400,rnbqkb1r/p1pppppp/7n/1p6/8/3P3N/PPP1PPPP/RNBQKB1R w KQkq - 2 3
0,7,6,black,h8g8,0.2700,rnbqkb1r/p1pppppp/7n/1p6/5P2/3P3N/PPP1P1PP/RNBQKB1R b KQkq - 0 3
0,7,7,white,c2c4,0.0300,rnbqkbr1/p1pppppp/7n/1p6/5P2/3P3N/PPP1P1PP/RNBQKB1R w KQq - 1 4
0,7,8,black,b5c4,0.0700,rnbqkbr1/p1pppppp/7n/1p6/2P2P2/3P3N/PP2P1PP/RNBQKB1R b KQq - 0 4
0,7,9,white,b2b4,0.0300,rnbqkbr1/p1pppppp/7n/8/2p2P2/3P3N/PP2P1PP/RNBQKB1R w KQq - 0 5
0,7,10,black,a7a6,0.0300,rnbqkbr1/p1pppppp/7n/8/1Pp2P2/3P3N/P3P1PP/RNBQKB1R b KQq b3 0 5
0,7,11,white,h3g5,0.4300,rnbqkbr1/2pppppp/p6n/8/1Pp2P2/3P3N/P3P1PP/RNBQKB1R w KQq - 0 6
0,7,12,black,g7g6,0.0600,rnbqkbr1/2pppppp/p6n/6N1/1Pp2P2/3P4/P3P1PP/RNBQKB1R b KQq - 1 6
0,7,13,white,b1d2,0.0500,rnbqkbr1/2pppp1p/p5pn/6N1/1Pp2P2/3P4/P3P1PP/RNBQKB1R w KQq - 0 7
0,7,14,black,g8h8,0.2300,rnbqkbr1/2pppp1p/p5pn/6N1/1Pp2P2/3P4/P2NP1PP/R1BQKB1R b KQq - 1 7
0,7,15,white,g5h7,0.5700,rnbqkb1r/2pppp1p/p5pn/6N1/1Pp2P2/3P4/P2NP1PP/R1BQKB1R w KQq - 2 8
0,7,16,black,d7d5,0.0400,rnbqkb1r/2pppp1N/p5pn/8/1Pp2P2/3P4/P2NP1PP/R1BQKB1R b KQq - 0 8
0,7,17,white,h7f8,0.4700,rnbqkb1r/2p1pp1N/p5pn/3p4/1Pp2P2/3P4/P2NP1PP/R1BQKB1R w KQq - 0 9
0,7,18,black,d5d4,0.0300,rnbqkN1r/2p1pp2/p5pn/3p4/1Pp2P2/3P4/P2NP1PP/R1BQKB1R b KQq - 0 9
0,7,19,white,d1a4,0.0300,rnbqkN1r/2p1pp2/p5pn/8/1Ppp1P2/3P4/P2NP1PP/R1BQKB1R w KQq - 0 10
0,7,20,black,c7c6,0.1700,rnbqkN1r/2p1pp2/p5pn/8/QPpp1P2/3P4/P2NP1PP/R1B1KB1R b KQq - 1 10
0,7,21,white,a4a5,0.0600,rnbqkN1r/4pp2/p1p3pn/8/QPpp1P2/3P4/P2NP1PP/R1B1KB1R w KQq - 0 11
0,7,22,black,g6g5,0.0300,rnbqkN1r/4pp2/p1p3pn/Q7/1Ppp1P2/3P4/P2NP1PP/R1B1KB1R b KQq - 1 11
0,7,23,white,g2g3,0.1500,rnbqkN1r/4pp2/p1p4n/Q5p1/1Ppp1P2/3P4/P2NP1PP/R1B1KB1R w KQq - 0 12
0,7,24,black,a8a7,0.0600,rnbqkN1r/4pp2/p1p4n/Q5p1/1Ppp1P2/3P2P1/P2NP2P/R1B1KB1R b KQq - 0 12
0,7,25,white,f8h7,0.9000,1nbqkN1r/r3pp2/p1p4n/Q5p1/1Ppp1P2/3P2P1/P2NP2P/R1B1KB1R w KQ - 1 13
0,7,26,black,h8g8,0.6200,1nbqk2r/r3pp1N/p1p4n/Q5p1/1Ppp1P2/3P2P1/P2NP2P/R1B1KB1R b KQ - 2 13
0,7,27,white,h7f8,0.8600,1nbqk1r1/r3pp1N/p1p4n/Q5p1/1Ppp1P2/3P2P1/P2NP2P/R1B1KB1R w KQ - 3 14
0,7,28,black,e7e5,0.1200,1nbqkNr1/r3pp2/p1p4n/Q5p1/1Ppp1P2/3P2P1/P2NP2P/R1B1KB1R b KQ - 4 14
0,7,29,white,f8h7,0.8600,1nbqkNr1/r4p2/p1p4n/Q3p1p1/1Ppp1P2/3P2P1/P2NP2P/R1B1KB1R w KQ - 0 15
0,7,30,black,g8h8,0.7800,1nbqk1r1/r4p1N/p1p4n/Q3p1p1/1Ppp1P2/3P2P1/P2NP2P/R1B1KB1R b KQ - 1 15
0,7,31,white,h7f8,0.8200,1nbqk2r/r4p1N/p1p4n/Q3p1p1/1Ppp1P2/3P2P1/P2NP2P/R1B1KB1R w KQ - 2 16
0,7,32,black,h8g8,0.7700,1nbqkN1r/r4p2/p1p4n/Q3p1p1/1Ppp1P2/3P2P1/P2NP2P/R1B1KB1R b KQ - 3 16
0,7,33,white,f8h7,0.8600,1nbqkNr1/r4p2/p1p4n/Q3p1p1/1Ppp1P2/3P2P1/P2NP2P/R1B1KB1R w KQ - 4 17
0,7,34,black,g8h8,0.7800,1nbqk1r1/r4p1N/p1p4n/Q3p1p1/1Ppp1P2/3P2P1/P2NP2P/R1B1KB1R b KQ - 5 17
0,7,35,white,h2h3,0.1400,1nbqk2r/r4p1N/p1p4n/Q3p1p1/1Ppp1P2/3P2P1/P2NP2P/R1B1KB1R w KQ - 6 18
0,7,36,black,h8g8,0.7700,1nbqk2r/r4p1N/p1p4n/Q3p1p1/1Ppp1P2/3P2PP/P2NP3/R1B1KB1R b KQ - 0 18
0,7,37,white,h7f8,0.7700,1nbqk1r1/r4p1N/p1p4n/Q3p1p1/1Ppp1P2/3P2PP/P2NP3/R1B1KB1R w KQ - 1 19
0,7,38,black,g8h8,0.7700,1nbqkNr1/r4p2/p1p4n/Q3p1p1/1Ppp1P2/3P2PP/P2NP3/R1B1KB1R b KQ - 2 19
0,7,39,white,f8h7,0.8100,1nbqkN1r/r4p2/p1p4n/Q3p1p1/1Ppp1P2/3P2PP/P2NP3/R1B1KB1R w KQ - 3 20
0,7,40,black,h8g8,0.7700,1nbqk2r/r4p1N/p1p4n/Q3p1p1/1Ppp1P2/3P2PP/P2NP3/R1B1KB1R b KQ - 4 20
0,7,41,white,e1d1,0.0900,1nbqk1r1/r4p1N/p1p4n/Q3p1p1/1Ppp1P2/3P2PP/P2NP3/R1B1KB1R w KQ - 5 21
0,7,42,black,g8h8,0.7800,1nbqk1r1/r4p1N/p1p4n/Q3p1p1/1Ppp1P2/3P2PP/P2NP3/R1BK1B1R b - - 6 21
0,7,43,white,h7f8,0.7700,1nbqk2r/r4p1N/p1p4n/Q3p1p1/1Ppp1P2/3P2PP/P2NP3/R1BK1B1R w - - 7 22
0,7,44,black,h8g8,0.7700,1nbqkN1r/r4p2/p1p4n/Q3p1p1/1Ppp1P2/3P2PP/P2NP3/R1BK1B1R b - - 8 22
0,7,45,white,f8h7,0.8200,1nbqkNr1/r4p2/p1p4n/Q3p1p1/1Ppp1P2/3P2PP/P2NP3/R1BK1B1R w - - 9 23
0,7,46,black,g8h8,0.7800,1nbqk1r1/r4p1N/p1p4n/Q3p1p1/1Ppp1P2/3P2PP/P2NP3/R1BK1B1R b - - 10 23
0,7,47,white,h7f8,0.7700,1nbqk2r/r4p1N/p1p4n/Q3p1p1/1Ppp1P2/3P2PP/P2NP3/R1BK1B1R w - - 11 24
0,7,48,black,c6c5,0.1400,1nbqkN1r/r4p2/p1p4n/Q3p1p1/1Ppp1P2/3P2PP/P2NP3/R1BK1B1R b - - 12 24
0,7,49,white,g3g4,0.1500,1nbqkN1r/r4p2/p6n/Q1p1p1p1/1Ppp1P2/3P2PP/P2NP3/R1BK1B1R w - - 0 25
0,7,50,black,h8g8,0.7200,1nbqkN1r/r4p2/p6n/Q1p1p1p1/1Ppp1PP1/3P3P/P2NP3/R1BK1B1R b - - 0 25
0,7,51,white,a5a6,0.0800,1nbqkNr1/r4p2/p6n/Q1p1p1p1/1Ppp1PP1/3P3P/P2NP3/R1BK1B1R w - - 1 26
0,7,52,black,g8h8,0.8400,1nbqkNr1/r4p2/Q6n/2p1p1p1/1Ppp1PP1/3P3P/P2NP3/R1BK1B1R b - - 0 26
0,7,53,white,f8h7,1.0000,1nbqkN1r/r4p2/Q6n/2p1p1p1/1Ppp1PP1/3P3P/P2NP3/R1BK1B1R w - - 1 27
0,7,54,black,h8g8,0.8400,1nbqk2r/r4p1N/Q6n/2p1p1p1/1Ppp1PP1/3P3P/P2NP3/R1BK1B1R b - - 2 27
0,7,55,white,h7f8,0.9800,1nbqk1r1/r4p1N/Q6n/2p1p1p1/1Ppp1PP1/3P3P/P2NP3/R1BK1B1R w - - 3 28
0,7,56,black,g8h8,0.8400,1nbqkNr1/r4p2/Q6n/2p1p1p1/1Ppp1PP1/3P3P/P2NP3/R1BK1B1R b - - 4 28
0,7,57,white,f8h7,1.0000,1nbqkN1r/r4p2/Q6n/2p1p1p1/1Ppp1PP1/3P3P/P2NP3/R1BK1B1R w - - 5 29
0,7,58,black,h8g8,0.8400,1nbqk2r/r4p1N/Q6n/2p1p1p1/1Ppp1PP1/3P3P/P2NP3/R1BK1B1R b - - 6 29
0,7,59,white,h7f8,0.9800,1nbqk1r1/r4p1N/Q6n/2p1p1p1/1Ppp1PP1/3P3P/P2NP3/R1BK1B1R w - - 7 30
0,8,1,white,b1c3,0.0400,rnbqkbnr/pppppppp/8/8/8/8/PPPPPPPP/RNBQKBNR w KQkq - 0 1
0,8,2,black,c7c6,0.0400,rnbqkbnr/pppppppp/8/8/8/2N5/PPPPPPPP/R1BQKBNR b KQkq - 1 1
0,8,3,white,b2b4,0.0400,rnbqkbnr/pp1ppppp/2p5/8/8/2N5/PPPPPPPP/R1BQKBNR w KQkq - 0 2
0,8,4,black,b7b5,0.0700,rnbqkbnr/pp1ppppp/2p5/8/1P6/2N5/P1PPPPPP/R1BQKBNR b KQkq - 0 2
0,8,5,white,f2f4,0.0300,rnbqkbnr/p2ppppp/2p5/1p6/1P6/2N5/P1PPPPPP/R1BQKBNR w KQkq - 0 3
0,8,6,black,g8h6,0.2700,rnbqkbnr/p2ppppp/2p5/1p6/1P3P2/2N5/P1PPP1PP/R1BQKBNR b KQkq - 0 3
0,8,7,white,a2a4,0.0300,rnbqkb1r/p2ppppp/2p4n/1p6/1P3P2/2N5/P1PPP1PP/R1BQKBNR w KQkq - 1 4
0,8,8,black,e7e5,0.0700,rnbqkb1r/p2ppppp/2p4n/1p6/PP3P2/2N5/2PPP1PP/R1BQKBNR b KQkq - 0 4
0,8,9,white,h2h3,0.0600,rnbqkb1r/p2p1ppp/2p4n/1p2p3/PP3P2/2N5/2PPP1PP/R1BQKBNR w KQkq - 0 5
0,8,10,black,h8g8,0.5600,rnbqkb1r/p2p1ppp/2p4n/1p2p3/PP3P2/2N4P/2PPP1P1/R1BQKBNR b KQkq - 0 5
0,8,11,white,c1a3,0.0300,rnbqkbr1/p2p1ppp/2p4n/1p2p3/PP3P2/2N4P/2PPP1P1/R1BQKBNR w KQq - 1 6
0,8,12,black,d8c7,0.0500,rnbqkbr1/p2p1ppp/2p4n/1p2p3/PP3P2/B1N4P/2PPP1P1/R2QKBNR b KQq - 2 6
0,8,13,white,c3d5,0.4100,rnb1kbr1/p1qp1ppp/2p4n/1p2p3/PP3P2/B1N4P/2PPP1P1/R2QKBNR w KQq - 3 7
0,8,14,black,a7a6,0.1000,rnb1kbr1/p1qp1ppp/2p4n/1p1Np3/PP3P2/B6P/2PPP1P1/R2QKBNR b KQq - 4 7
0,8,15,white,a4a5,0.0700,rnb1kbr1/2qp1ppp/p1p4n/1p1Np3/PP3P2/B6P/2PPP1P1/R2QKBNR w KQq - 0 8
0,8,16,black,g8h8,0.3800,rnb1kbr1/2qp1ppp/p1p4n/Pp1Np3/1P3P2/B6P/2PPP1P1/R2QKBNR b KQq - 0 8
0,8,17,white,f4f5,0.0400,rnb1kb1r/2qp1ppp/p1p4n/Pp1Np3/1P3P2/B6P/2PPP1P1/R2QKBNR w KQq - 1 9
0,8,18,black,h8g8,0.3500,rnb1kb1r/2qp1ppp/p1p4n/Pp1NpP2/1P6/B6P/2PPP1P1/R2QKBNR b KQq - 0 9
0,8,19,white,g2g3,0.0900,rnb1kbr1/2qp1ppp/p1p4n/Pp1NpP2/1P6/B6P/2PPP1P1/R2QKBNR w KQq - 1 10
0,8,20,black,f8b4,0.0200,rnb1kbr1/2qp1ppp/p1p4n/Pp1NpP2/1P6/B5PP/2PPP3/R2QKBNR b KQq - 0 10
0,8,21,white,d5e7,0.4400,rnb1k1r1/2qp1ppp/p1p4n/Pp1NpP2/1b6/B5PP/2PPP3/R2QKBNR w KQq - 0 11
0,8,22,black,c7b7,0.0400,rnb1k1r1/2qpNppp/p1p4n/Pp2pP2/1b6/B5PP/2PPP3/R2QKBNR b KQq - 1 11
0,8,23,white,d1c1,0.0300,rnb1k1r1/1q1pNppp/p1p4n/Pp2pP2/1b6/B5PP/2PPP3/R2QKBNR w KQq - 2 12
0,8,24,black,d7d5,0.0600,rnb1k1r1/1q1pNppp/p1p4n/Pp2pP2/1b6/B5PP/2PPP3/R1Q1KBNR b KQq - 3 12
0,8,25,white,e1f2,0.0300,rnb1k1r1/1q2Nppp/p1p4n/Pp1ppP2/1b6/B5PP/2PPP3/R1Q1KBNR w KQq - 0 13
0,8,26,black,c8e6,0.1100,rnb1k1r1/1q2Nppp/p1p4n/Pp1ppP2/1b6/B5PP/2PPPK2/R1Q2BNR b q - 1 13
0,8,27,white,e7g8,0.5200,rn2k1r1/1q2Nppp/p1p1b2n/Pp1ppP2/1b6/B5PP/2PPPK2/R1Q2BNR w q - 2 14
0,8,28,black,e8f8,0.5500,rn2k1N1/1q3ppp/p1p1b2n/Pp1ppP2/1b6/B5PP/2PPPK2/R1Q2BNR b q - 0 14
0,8,29,white,f2g2,0.1000,rn3kN1/1q3ppp/p1p1b2n/Pp1ppP2/1b6/B5PP/2PPPK2/R1Q2BNR w - - 1 15
0,8,30,black,c6c5,0.0400,rn3kN1/1q3ppp/p1p1b2n/Pp1ppP2/1b6/B5PP/2PPP1K1/R1Q2BNR b - - 2 15
0,8,31,white,g2f3,0.0400,rn3kN1/1q3ppp/p3b2n/PppppP2/1b6/B5PP/2PPP1K1/R1Q2BNR w - - 0 16
0,8,32,black,f8g8,0.4500,rn3kN1/1q3ppp/p3b2n/PppppP2/1b6/B4KPP/2PPP3/R1Q2BNR b - - 1 16
0,8,33,white,f3e3,0.3100,rn4k1/1q3ppp/p3b2n/PppppP2/1b6/B4KPP/2PPP3/R1Q2BNR w - - 0 17
0,8,34,black,g8h8,0.4200,rn4k1/1q3ppp/p3b2n/PppppP2/1b6/B3K1PP/2PPP3/R1Q2BNR b - - 1 17
0,8,35,white,a1b1,0.0300,rn5k/1q3ppp/p3b2n/PppppP2/1b6/B3K1PP/2PPP3/R1Q2BNR w - - 2 18
0,8,36,black,h8g8,0.4200,rn5k/1q3ppp/p3b2n/PppppP2/1b6/B3K1PP/2PPP3/1RQ2BNR b - - 3 18
0,8,37,white,b1a1,0.0200,rn4k1/1q3ppp/p3b2n/PppppP2/1b6/B3K1PP/2PPP3/1RQ2BNR w - - 4 19
0,8,38,black,g8h8,0.4200,rn4k1/1q3ppp/p3b2n/PppppP2/1b6/B3K1PP/2PPP3/R1Q2BNR b - - 5 19
0,8,39,white,e3f3,0.2900,rn5k/1q3ppp/p3b2n/PppppP2/1b6/B3K1PP/2PPP3/R1Q2BNR w - - 6 20
0,8,40,black,c5c4,0.0300,rn5k/1q3ppp/p3b2n/PppppP2/1b6/B4KPP/2PPP3/R1Q2BNR b - - 7 20
0,8,41,white,f3e3,0.2900,rn5k/1q3ppp/p3b2n/Pp1ppP2/1bp5/B4KPP/2PPP3/R1Q2BNR w - - 0 21
0,8,42,black,h8g8,0.5500,rn5k/1q3ppp/p3b2n/Pp1ppP2/1bp5/B3K1PP/2PPP3/R1Q2BNR b - - 1 21
0,8,43,white,f5f6,0.0400,rn4k1/1q3ppp/p3b2n/Pp1ppP2/1bp5/B3K1PP/2PPP3/R1Q2BNR w - - 2 22
0,8,44,black,g8h8,0.6100,rn4k1/1q3ppp/p3bP1n/Pp1pp3/1bp5/B3K1PP/2PPP3/R1Q2BNR b - - 0 22
0,8,45,white,f6g7,0.0400,rn5k/1q3ppp/p3bP1n/Pp1pp3/1bp5/B3K1PP/2PPP3/R1Q2BNR w - - 1 23
0,8,46,black,h8g7,0.4900,rn5k/1q3pPp/p3b2n/Pp1pp3/1bp5/B3K1PP/2PPP3/R1Q2BNR b - - 0 23
0,8,47,white,c1d1,0.0500,rn6/1q3pkp/p3b2n/Pp1pp3/1bp5/B3K1PP/2PPP3/R1Q2BNR w - - 0 24
0,8,48,black,b8d7,0.7200,rn6/1q3pkp/p3b2n/Pp1pp3/1bp5/B3K1PP/2PPP3/R2Q1BNR b - - 1 24
0,8,49,white,d1b1,0.0500,r7/1q1n1pkp/p3b2n/Pp1pp3/1bp5/B3K1PP/2PPP3/R2Q1BNR w - - 2 25
0,8,50,black,a8h8,1.0000,r7/1q1n1pkp/p3b2n/Pp1pp3/1bp5/B3K1PP/2PPP3/RQ3BNR b - - 3 25
0,8,51,white,e3f3,0.2700,7r/1q1n1pkp/p3b2n/Pp1pp3/1bp5/B3K1PP/2PPP3/RQ3BNR w - - 4 26
0,8,52,black,h8g8,0.9500,7r/1q1n1pkp/p3b2n/Pp1pp3/1bp5/B4KPP/2PPP3/RQ3BNR b - - 5 26
0,8,53,white,g3g4,0.0500,6r1/1q1n1pkp/p3b2n/Pp1pp3/1bp5/B4KPP/2PPP3/RQ3BNR w - - 6 27
0,8,54,black,g8h8,0.8700,6r1/1q1n1pkp/p3b2n/Pp1pp3/1bp3P1/B4K1P/2PPP3/RQ3BNR b - - 0 27
0,8,55,white,g4g5,0.0800,7r/1q1n1pkp/p3b2n/Pp1pp3/1bp3P1/B4K1P/2PPP3/RQ3BNR w - - 1 28
0,8,56,black,h8g8,0.9100,7r/1q1n1pkp/p3b2n/Pp1pp1P1/1bp5/B4K1P/2PPP3/RQ3BNR b - - 0 28
0,8,57,white,f3g3,0.3700,6r1/1q1n1pkp/p3b2n/Pp1pp1P1/1bp5/B4K1P/2PPP3/RQ3BNR w - - 1 29
0,8,58,black,g8h8,0.8700,6r1/1q1n1pkp/p3b2n/Pp1pp1P1/1bp5/B5KP/2PPP3/RQ3BNR b - - 2 29
0,8,59,white,g3h4,0.4300,7r/1q1n1pkp/p3b2n/Pp1pp1P1/1bp5/B5KP/2PPP3/RQ3BNR w - - 3 30
0,8,60,black,h8g8,0.9100,7r/1q1n1pkp/p3b2n/Pp1pp1P1/1bp4K/B6P/2PPP3/RQ3BNR b - - 4 30
0,8,61,white,g1f3,0.0200,6r1/1q1n1pkp/p3b2n/Pp1pp1P1/1bp4K/B6P/2PPP3/RQ3BNR w - - 5 31
0,8,62,black,b4c3,0.1200,6r1/1q1n1pkp/p3b2n/Pp1pp1P1/1bp4K/B4N1P/2PPP3/RQ3B1R b - - 6 31
0,8,63,white,b1b3,0.0500,6r1/1q1n1pkp/p3b2n/Pp1pp1P1/2p4K/B1b2N1P/2PPP3/RQ3B1R w - - 7 32
0,8,64,black,g8h8,0.8000,6r1/1q1n1pkp/p3b2n/Pp1pp1P1/2p4K/BQb2N1P/2PPP3/R4B1R b - - 8 32
0,8,65,white,h4h5,0.7500,7r/1q1n1pkp/p3b2n/Pp1pp1P1/2p4K/BQb2N1P/2PPP3/R4B1R w - - 9 33
0,8,66,black,h8g8,0.7900,7r/1q1n1pkp/p3b2n/Pp1pp1PK/2p5/BQb2N1P/2PPP3/R4B1R b - - 10 33
0,8,67,white,h5h4,0.8000,6r1/1q1n1pkp/p3b2n/Pp1pp1PK/2p5/BQb2N1P/2PPP3/R4B1R w - - 11 34
0,8,68,black,g7h8,0.0600,6r1/1q1n1pkp/p3b2n/Pp1pp1P1/2p4K/BQb2N1P/2PPP3/R4B1R b - - 12 34
0,8,69,white,h4h5,0.7600,6rk/1q1n1p1p/p3b2n/Pp1pp1P1/2p4K/BQb2N1P/2PPP3/R4B1R w - - 13 35
0,8,70,black,h8g7,0.8300,6rk/1q1n1p1p/p3b2n/Pp1pp1PK/2p5/BQb2N1P/2PPP3/R4B1R b - - 14 35
0,8,71,white,g5g6,0.1400,6r1/1q1n1pkp/p3b2n/Pp1pp1PK/2p5/BQb2N1P/2PPP3/R4B1R w - - 15 36
0,8,72,black,g8h8,0.8800,6r1/1q1n1pkp/p3b1Pn/Pp1pp2K/2p5/BQb2N1P/2PPP3/R4B1R b - - 0 36
0,8,73,white,h5g5,0.9000,7r/1q1n1pkp/p3b1Pn/Pp1pp2K/2p5/BQb2N1P/2PPP3/R4B1R w - - 1 37
0,8,74,black,h8g8,0.8800,7r/1q1n1pkp/p3b1Pn/Pp1pp1K1/2p5/BQb2N1P/2PPP3/R4B1R b - - 2 37
0,8,75,white,g5h5,0.8400,6r1/1q1n1pkp/p3b1Pn/Pp1pp1K1/2p5/BQb2N1P/2PPP3/R4B1R w - - 3 38
0,8,76,black,g8h8,0.8800,6r1/1q1n1pkp/p3b1Pn/Pp1pp2K/2p5/BQb2N1P/2PPP3/R4B1R b - - 4 38
0,8,77,white,h5g5,0.9000,7r/1q1n1pkp/p3b1Pn/Pp1pp2K/2p5/BQb2N1P/2PPP3/R4B1R w - - 5 39
0,8,78,black,h8g8,0.8800,7r/1q1n1pkp/p3b1Pn/Pp1pp1K1/2p5/BQb2N1P/2PPP3/R4B1R b - - 6 39
0,8,79,white,g5h5,0.8300,6r1/1q1n1pkp/p3b1Pn/Pp1pp1K1/2p5/BQb2N1P/2PPP3/R4B1R w - - 7 40
